NOx_EO,AIR Flow,Fuel flow,Gexh ,T4,N,MD,Power,Air to Fuel RATIO,Velocity,diff_pressure,LABEL
158.67,105.46,1.9,107.36,223.45,1024.4,-10.39,0,55.42,5,0.78,0
109.52,106.95,0.73,107.68,217.47,1008.2,2.53,0.27,147.09,10,0.57,0
66.74,107.73,0.29,108.02,212.44,1010.6,3.08,0.33,365.57,13,0.6,1
61.48,108.1,0.42,108.52,207.41,1011.6,7.77,0.82,255.16,17.5,0.7,1
87.8,108.36,0.63,108.99,203.15,1012,10.39,1.1,172.92,12.4,0.93,1
118.69,108.37,0.8,109.17,199.62,1011.6,10.85,1.15,135.47,123,2.5,0
125.33,108.57,0.91,109.48,198.69,1009.1,18.32,1.93,119.71,34,2.37,0
138.8,107.62,0.96,108.58,200.73,1006.7,7.82,0.83,112.34,15,1.3,0
146.24,110.32,1,111.32,202.78,1043.7,-20.96,0,110.8,64,2.8,0
147.04,122.63,1.19,123.82,204.82,1171.9,20.29,2.67,102.83,98,3.56,0
148.75,139.66,1.91,141.57,206.86,1427.9,-22.46,0,73.1,34,2.5,0
154.25,167,3.28,170.28,221.35,1735.7,210.96,38.51,50.97,28,2.37,0
255.26,168.64,5.07,173.71,232.58,1743.2,138.18,25.32,33.27,57,3.2,0
749.62,162.8,6.47,169.27,239.94,1755.7,135.71,24.87,25.15,63,2.5,0
663.46,154.23,6.7,160.93,244.08,1753.6,97.81,18.04,23.03,96,0.852,1
175.66,145.57,6.39,151.96,245.35,1751,120.83,21.73,22.77,17,0.57,0
138.79,147.19,5.86,153.05,246.91,1729.2,88.27,16.27,25.11,56,0.65,0
142.19,181.27,5.27,186.54,248.47,1779.8,93.33,17.41,34.38,27,0.78,0
134.85,148.59,5.16,153.75,248.39,1794.5,69.29,13.12,28.79,45,0.57,0
149.82,144.42,5.04,149.46,248.42,1823.4,102.1,19.56,28.63,67,0.65,0
269.15,153.02,4.9,157.92,251.71,1841.6,111.88,21.67,31.2,24,0.78,0
235.16,159.94,5.05,164.99,256.31,1865.8,101.26,19.95,31.65,57,0.234,1
161.46,159.82,5.36,165.18,258.48,1881.3,123.39,24.1,29.82,98,2.37,0
135.22,153.85,5.56,159.41,259.29,1866.5,93.72,18.37,27.65,99,1.3,0
130.82,153.49,5.51,159,260.27,1879.5,104.54,20.57,27.83,67,2.8,0
126.11,152.92,5.41,158.33,260.99,1880.6,102.58,20.18,28.27,26,0.23,0
129.77,153.35,5.31,158.66,261.61,1871.7,130.72,25.38,28.87,17.8,3.03,0
130.76,159.16,5.25,164.41,264.23,1847.6,134.21,25.91,30.32,17.3,3.2,0
128.74,168.92,5.32,174.24,268.38,1830.4,186.42,35.16,31.74,21.5,2.8,0
130.45,193.16,5.68,198.84,274.52,1794.4,186.17,34.97,34.02,24.2,0.23,0
138.9,225.26,6.35,231.61,281.48,1791.8,227.96,42.47,35.49,28.8,3.03,0
148.12,210.09,7.22,217.31,288.56,1779.8,217.95,40.62,29.1,17,3.2,0
154.58,208.94,8.03,216.97,295.35,1787.9,206.9,38.8,26,16,1.3,0
318.79,206.44,8.7,215.14,300.55,1799.8,205.57,38.83,23.74,78,2.5,0
219.49,207.38,9.08,216.46,305.73,1815,202.24,38.63,22.84,32,1,0
160.44,209.02,9.25,218.27,310.48,1830.3,204.9,39.28,22.59,15,2.3,0
155.33,204.36,9.35,213.71,313.19,1824.4,221.08,41.79,21.86,87,3.2,0
152.85,201.3,9.32,210.62,315.59,1817,162.63,31.28,21.6,35,1.43,0
153.54,198.74,9.19,207.93,316.9,1864.2,147.54,29.18,21.63,100,2.56,0
152.85,192.43,8.93,201.36,316.57,1891.6,176.03,34.58,21.54,100,1,0
155.93,182.38,8.5,190.88,313.67,1877.4,119.62,23.58,21.47,100,2.3,0
153.19,173.21,7.92,181.13,310.74,1893,118.49,23.56,21.87,97,0.57,0
153.9,169.22,7.3,176.52,307.92,1898,140.06,27.66,23.19,66,0.65,0
161.15,168.6,6.82,175.42,306.38,1887.4,121.64,24.04,24.71,88,0.78,0
169.31,166.69,6.53,173.22,303.89,1901.2,86.96,17.43,25.52,23,0.57,0
167.56,156.98,6.3,163.28,299.11,1920.7,69.72,13.99,24.91,51,0.37,1
161.83,146.2,5.84,152.04,293.54,1910.8,95.87,19.06,25.02,78,3.8,0
153.62,153.63,5.19,158.82,291.68,1891.4,146.35,28.75,29.61,69,1.3,0
146.39,169.13,5,174.13,292.55,1883.4,109.01,21.61,33.82,23,2.3,0
165.02,172.28,5.37,177.65,293.52,1920.7,115.23,23.3,32.08,16,2.5,0
181.36,203.18,5.87,209.05,297.83,2023.3,62.38,14.06,34.61,68,2.37,0
214.1,261.02,6.52,267.54,300.29,2217.6,163.66,38.37,40.04,36,1.3,0
158.14,248.24,7.59,255.83,297.58,2244.4,131.7,30.89,32.7,55,2.3,0
171.53,236.42,8.11,244.53,293.03,2243.3,117.67,27.59,29.17,76,2.5,0
250.24,228.15,7.94,236.09,287.77,2242.9,104.1,24.41,28.73,34,0.57,0
209.74,222.64,7.58,230.22,283.42,2246.3,91.7,21.58,29.37,5,0.65,0
191.49,221.49,7.18,228.67,279.38,2251.1,106.19,24.95,30.85,10,0.78,0
192.5,221.57,6.86,228.43,277.46,2245.3,118.19,27.74,32.31,13,0.78,0
195.23,227.23,6.73,233.96,277.11,2244,121.9,28.6,33.78,17.5,0.57,0
181.28,232.31,6.87,239.18,276.88,2241.1,138.2,32.31,33.81,12.4,0.77,1
181.7,237.5,7.11,244.61,278.1,2236.4,134.6,31.53,33.38,123,0.57,0
196.26,240.85,7.46,248.31,279.22,2239.9,146.8,34.31,32.28,34,0.65,0
191.71,242.18,7.8,249.98,280.29,2236,137.58,32.22,31.05,15,0.78,0
195.27,241.19,8.03,249.22,281.25,2239.6,148.16,34.63,30.03,64,0.23,0
190.31,244.1,8.17,252.27,282.31,2236.2,140.78,32.97,29.86,98,2.5,0
194.84,245.45,8.26,253.71,282.96,2242.7,141.79,33.26,29.73,34,2.37,0
191.83,241.4,8.33,249.73,283.04,2243.6,135.17,31.7,28.98,28,1.3,0
196.56,234.94,8.25,243.19,281.51,2245.7,100.23,23.58,28.47,57,2.8,0
196.08,223.35,7.98,231.33,278.59,2252.7,79.61,18.76,27.99,63,0.23,0
200.06,216.58,7.41,223.99,274.79,2254.7,81.19,19.14,29.25,96,3.03,0
191.33,215.29,6.71,222,272.06,2252.4,92.12,21.64,32.08,17,3.2,0
182.09,216.74,6.25,222.99,271.04,2248.4,89.54,21.09,34.7,56,1.3,0
172.79,220.09,6.03,226.12,270.8,2254.5,102.4,24.15,36.48,27,2.5,0
170.26,225.15,6.09,231.24,270.63,2247.2,147.08,34.32,36.96,45,1,0
172.45,242.57,6.39,248.96,275.87,2228.4,182.95,42.68,37.99,67,2.3,0
179.43,269.22,7.17,276.39,282.52,2233,192.44,44.93,37.56,24,0.57,1
195.09,275.49,8.4,283.89,285.91,2233.1,194.72,45.44,32.8,57,0.65,0
203.69,277.68,9.31,286.99,287.3,2235.4,178.95,41.9,29.81,98,2.5,0
229.93,267.35,9.84,277.19,287.96,2244.5,150.98,35.53,27.16,99,2.37,0
262.2,254.54,9.9,264.44,287.01,2247.6,160.77,37.62,25.7,67,1.3,0
270.3,248.63,9.49,258.12,287.35,2239.5,135.28,31.8,26.2,26,2.8,0
262.32,248.12,9.12,257.24,287.36,2250.3,149.31,35.08,27.21,17.8,0.23,0
225.48,247.59,8.86,256.45,287.53,2247.2,134.12,31.58,27.95,17.3,3.03,0
223.57,243.33,8.64,251.97,286.82,2247.7,147.5,34.52,28.16,21.5,3.2,0
218.16,238.23,8.44,246.67,286.6,2229.3,120.23,28.15,28.23,24.2,1.3,0
220.68,229.85,8.14,237.99,285.85,2153.6,289.24,61.54,28.23,28.8,2.5,0
214.33,205.59,7.85,213.44,286.52,1872.2,339.36,60.58,26.2,17,1,0
210.39,165.91,7.57,173.48,287.6,1541,302.54,43.43,21.91,16,2.3,0
198.88,127.65,6.88,134.53,286.74,1269.3,170.03,21.09,18.56,78,0.57,0
211.59,111.4,5.89,117.29,286.52,1188.8,114.31,14.45,18.9,32,0.65,0
223.32,138.08,5.23,143.31,293.4,1309.5,52.67,8.04,26.39,15,2.3,0
252.17,163.64,4.94,168.58,300.17,1479.6,213.09,32.21,33.13,87,2.5,0
339.59,127.73,5.27,133,298.82,1347.2,165.97,21.35,24.26,35,0.97,1
861.09,103.2,5.21,108.41,291.92,1161.5,60.21,7.01,19.81,100,1.3,0
1166.36,111.37,4.28,115.65,285.24,1127.7,-11.39,0,26.01,100,2.3,0
338.21,111.42,3.13,114.55,280.2,1255.2,-84.61,0,35.6,100,2.5,0
217.39,126.27,2.71,128.98,281.16,1454.6,136.07,21.04,46.67,97,2.37,0
245.16,120.38,2.85,123.23,283.26,1459.3,119.42,17.96,42.3,66,1.3,0
322.2,113.12,3.34,116.46,284.13,1405.3,173.11,24.53,33.84,88,3.8,0
419.33,121.35,3.62,124.97,287.06,1380.3,66.42,10.2,33.55,23,1.3,0
404.4,152.12,3.94,156.06,293.62,1408.4,341.37,45.22,38.56,51,2.3,0
232.12,124.19,4.46,128.65,292.22,1178.5,104.67,12.35,27.87,78,0.57,0
254.4,111.54,4.77,116.31,289.25,1141.2,48.85,5.94,23.4,69,0.97,0
488.95,119.59,4.36,123.95,288.49,1252.7,42.66,6.08,27.45,23,0.32,1
538.95,159.77,4.02,163.79,298.55,1495.6,116.75,20.17,39.74,16,0.77,1
442.31,205.9,4.53,210.43,310.17,1691.5,262.25,46.2,45.47,68,0.23,1
536.17,184.24,6.17,190.41,313.82,1634.1,220.09,36.67,29.86,36,0.12,1
925.17,153.02,7.48,160.5,312.37,1461.1,295.6,39.86,20.46,55,3.8,0
959.04,116.66,6.94,123.6,305.21,1156.1,125.89,13.74,16.81,76,1.3,0
281.93,108.83,5.58,114.41,297.47,1004.6,20.66,2.15,19.52,34,2.3,0
228.08,108.03,3.6,111.63,290.25,995.2,22.43,2.34,30.02,89,2.5,0
223.86,108.49,2.31,110.8,282.96,998.6,21.09,2.2,47.03,54,2.37,0
215.7,109.03,1.82,110.85,276.9,1008.1,11.59,1.24,59.93,43,1.3,0
198.33,114.08,1.61,115.69,271.68,1055.7,10.43,1.2,70.91,45,4.3,0
207.48,122.71,1.76,124.47,270.83,1180.5,22.97,3.09,69.63,34,1.3,0
201.03,113.23,2.56,115.79,275.19,1346.4,122.18,17.73,44.3,87,2.3,0
218.18,115.46,3.28,118.74,280.47,1403,114.63,17.11,35.2,65,0.48,1
475.92,112.13,3.79,115.92,282.37,1368.2,149.42,20.06,29.55,35,1.3,0
797.58,100.34,3.95,104.29,277.87,1179.6,147.43,16.48,25.38,33,2.5,0
340.79,106.97,3.4,110.37,272.86,1020,43.02,4.5,31.44,31,1,0
194.2,109.42,2.36,111.78,268.43,1000.9,29.17,3.07,46.41,67,2.3,0
174.19,110.26,1.67,111.93,263.79,1009.5,27.6,2.92,66.1,45,3.2,0
236.48,109.9,1.45,111.35,258.96,1011.2,26.28,2.78,75.54,64,2.3,0
272.08,109.97,1.37,111.34,254.74,1011.6,26.48,2.81,80.45,35,0.56,1
286.21,109.83,1.31,111.14,250.74,1011.8,26.2,2.78,83.76,8,2.5,0
242.64,109.83,1.29,111.12,246.72,1011.8,24.68,2.61,84.94,7,1,0
221.76,109.79,1.28,111.07,243.14,1011.8,23.2,2.46,85.47,7,2.3,0
219.53,109.64,1.27,110.91,239.71,1012,22.57,2.39,86.48,7,3.2,0
218.75,109.51,1.22,110.73,236.46,1014.1,23.26,2.47,89.54,132,0.78,0
209.3,111.45,1.21,112.66,233.75,1039.6,-8.68,0,92.01,0,1.43,0
199.61,121.27,1.33,122.6,234.14,1142.7,21.49,2.72,91.46,56,2.56,0
198.78,130.69,1.8,132.49,238.66,1333.9,2.86,0.45,72.77,34,2.56,0
197.47,133.41,2.83,136.24,251.01,1543,166.62,26.56,47.09,12,1.43,0
280.88,122.91,3.85,126.76,253.2,1468.8,144.11,21.2,31.96,69,2.56,0
654.4,108.98,4.38,113.36,253.44,1369.1,97.11,13.69,24.91,61,0.89,1
701.21,101.87,4,105.87,253.72,1318.6,124.07,16.56,25.46,5,2.56,0
197.86,96.06,3.65,99.71,254.15,1288.9,19.46,2.73,26.31,10,1.43,0
201.7,98.47,3.38,101.85,255.4,1325.4,143.74,19.35,29.16,13,2.56,0
224.95,96.98,3.13,100.11,254.63,1189.7,175.1,19.54,30.95,17.5,1,0
219.68,106.49,2.86,109.35,251.12,1014.9,34.75,3.62,37.22,12.4,3.2,0
239.79,110.18,2.08,112.26,247.87,1006.7,14.34,1.54,53.09,123,1.3,0
196.03,112.41,1.44,113.85,244.69,1035.3,44.42,4.82,77.93,34,2.5,0
202.85,114.85,1.46,116.31,242.59,1068,8.05,0.94,78.61,15,0.34,1
245.97,116.56,1.76,118.32,242.34,1146.7,75.02,9.15,66.33,64,0.12,1
267.82,101.83,2.33,104.16,242.96,1177.2,75.24,9.36,43.74,98,2.37,0
314.76,94.29,2.71,97,244.11,1208,64.02,8.24,34.84,34,1.3,0
486.88,94.15,2.82,96.97,246.19,1265,62.1,8.49,33.36,28,2.8,0
496.58,109.75,2.82,112.57,251.58,1343.5,114.5,16.46,38.94,57,0.23,0
363.7,115.69,2.95,118.64,259.1,1416.3,94.47,14.51,39.28,63,3.03,0
275.66,126.84,3.46,130.3,267.62,1495.2,142.44,22.58,36.61,96,3.2,0
263.26,133.37,4.18,137.55,275.18,1496.1,194.71,29.9,31.91,17,2.8,0
292.76,128.4,4.78,133.18,280.46,1411.9,209.8,29.59,26.86,56,0.23,0
189.04,114.41,5.02,119.43,281.34,1292,155.06,20.13,22.8,27,3.03,0
163.49,104.74,4.9,109.64,281.27,1208.3,160.69,19.88,21.38,45,3.2,0
178.59,117.1,4.57,121.67,283.7,1168.7,173.39,21.05,25.61,67,1.3,0
207.23,113.8,4.34,118.14,286.1,1153.5,121.51,14.56,26.2,24,2.5,0
236.11,109.72,4.3,114.02,284.18,1154,68.27,8.36,25.49,57,1,0
429.01,107.41,4.06,111.47,283.21,1196.8,93.59,12.01,26.45,98,2.3,0
675.49,98.9,3.68,102.58,283.52,1256.6,82.56,11.11,26.89,99,3.2,0
470.78,100.72,3.55,104.27,284.16,1320.5,79.18,11.24,28.36,67,1.43,0
425.06,114.23,3.47,117.7,287.11,1398.2,121.75,18.13,32.91,26,2.56,0
473.57,160.84,3.59,164.43,295.24,1532.8,75.46,13.47,44.82,17.8,1,0
259.11,214,4.36,218.36,308.71,1713.4,308.84,53.59,49.1,17.3,1.43,0
196.02,169.23,6.24,175.47,305.61,1504.6,283.57,38.5,27.11,21.5,2.56,0
332.69,124.33,7.21,131.54,299.18,1261.2,55.66,7.44,17.24,24.2,3.2,0
505.98,145.59,6.42,152.01,300.83,1438,-25.14,0,22.68,28.8,1.43,0
220.77,170.59,5.48,176.07,306.17,1801.8,69.55,14.01,31.14,17,2.56,0
218.48,185.52,6.04,191.56,309.58,1972.7,112.74,23.54,30.72,16,1,0
684.25,178.83,6.97,185.8,305.2,1987,114.98,23.66,25.66,78,1.43,0
938.35,166.58,6.84,173.42,300.79,1945.4,123.81,24.97,24.35,32,2.56,0
220.35,164.34,6.2,170.54,298.9,1891.2,164.64,31.82,26.49,15,1,0
159.46,157.66,5.78,163.44,297.67,1797.3,171.49,31.24,27.28,87,0.669,1
164.31,152.62,5.48,158.1,296.97,1708.6,109.54,19.58,27.87,35,0.43,0
163.41,139.04,5.15,144.19,294.18,1592.1,228.84,33.7,27.01,100,0.23,0
163.45,109.27,4.68,113.95,285.48,1310.5,36.89,4.86,23.36,100,2.56,0
166.21,95.2,3.6,98.8,278.91,1243.2,39.74,5.17,26.41,100,1,0
162.75,95.84,2.71,98.55,274.21,1186.4,144.3,16.6,35.37,97,1.43,0
115.89,107.23,2.2,109.43,269.31,1062.3,21.66,2.39,48.74,66,0.43,0
186.54,114.9,1.55,116.45,264.41,1053.5,34.99,3.85,74.07,88,2.56,0
273.91,114.91,1.12,116.03,259.81,1047.9,26.15,2.87,102.79,23,1,0
285.16,113.6,1.1,114.7,255.08,1047.7,25.67,2.82,103.74,51,1.43,0
245.95,113.77,1.16,114.93,250.84,1048.8,26.22,2.88,98.26,78,0.43,0
240,115.46,1.24,116.7,247.02,1061,9,1.01,93.11,69,0.23,1
223.21,117.91,1.33,119.24,243.85,1117,-14.52,0,88.77,23,0.43,1
222.26,116.8,1.57,118.37,244.61,1237.3,43.75,5.97,74.56,16,0.23,0
218.1,119.26,2.24,121.5,250.89,1414.2,4.84,0.79,53.36,68,2.5,0
231.48,165.95,2.93,168.88,262.43,1601.9,225.33,38.14,56.65,36,2.37,0
365.52,154.99,4.02,159.01,272.13,1534.7,263.93,38.4,38.57,55,1.3,0
530.06,139.86,5.29,145.15,274.16,1409.2,22.15,3.49,26.43,76,2.8,0
442.09,174.52,5.45,179.97,279.74,1582.9,138.63,23.72,32.04,34,0.23,0
308.5,166.07,5.52,171.59,285.15,1667.2,146.28,26.13,30.11,5,3.03,0
201.26,166.79,6.1,172.89,292.14,1682.8,249.7,42.3,27.35,10,3.2,0
537.68,158.18,6.75,164.93,294.94,1619,97.12,16.56,23.44,13,1.3,0
472.81,186.32,6.9,193.22,299.22,1767.2,17.32,3.54,26.99,17.5,2.5,0
192.39,324.5,6.83,331.33,313.59,2092.1,226.4,52.2,47.54,12.4,1,0
156.2,368.55,8.25,376.8,319.52,2237.7,277.34,65.22,44.66,123,2.3,0
247.68,361.6,10.47,372.07,319.86,2232.4,309.07,72.34,34.55,34,0.57,0
395.02,366.37,12.14,378.51,322.68,2090,600.58,115.98,30.17,15,0.65,0
281.42,318.93,13.25,332.18,323.33,1755.7,282.78,51.76,24.07,64,2.3,1
248.36,353.01,14.03,367.04,328.79,1738.5,450.78,80.35,25.16,98,2.5,0
254.18,311.09,13.92,325.01,334.93,1666.4,407.51,69.45,22.36,34,0.32,0
304.52,286.34,14.45,300.79,340.79,1624.3,357.22,60.67,19.81,28,0.78,0
555.05,313.65,14.61,328.26,347.96,1666.7,337.14,60.86,21.47,57,1.43,0
582.65,363.54,14.51,378.05,352.49,1767.1,315.01,60.28,25.06,63,2.56,0
381.53,292.9,14.89,307.79,349.58,1722.6,451.05,71.49,19.67,96,0.78,0
434.74,194.28,14.89,209.17,339.78,1467.5,48.32,7.64,13.05,17,0.78,0
793.17,168.07,12.98,181.05,335.84,1535.6,223.39,35.84,12.95,56,1.43,0
608.35,179.89,10.29,190.18,336.17,1519.6,225.49,35.62,17.48,27,2.56,0
318.42,182.72,9,191.72,338.78,1516.7,198.39,31.27,20.3,45,0.78,0
417.71,198.06,8.59,206.65,344.79,1617.8,74.32,14.02,23.06,67,0.78,1
488.21,331.8,8.37,340.17,356,1867.1,424.67,82.39,39.64,24,2.5,0
323.91,376.72,9.62,386.34,360.78,1890.8,294.66,61.11,39.18,57,2.5,0
259.27,386.7,11.96,398.66,361.33,1949.4,467.05,91.01,32.34,98,2.37,0
652.99,289.2,13.85,303.05,356.45,1715,402.45,64.51,20.87,99,1.3,0
576.97,191.82,14.41,206.23,347.94,1494.4,87.13,13.72,13.31,67,2.8,0
609.04,171.38,12.71,184.09,344.4,1610.8,32.3,5.9,13.48,26,2.8,0
402.83,234.37,10.22,244.59,348.67,1848.7,192.34,38.91,22.94,17.8,2.12,0
310.32,341.41,9.48,350.89,354.31,2004.8,283.79,61.78,36,17.3,3.03,0
331.55,418.45,10.43,428.88,361.67,2100.8,425.83,93.53,40.11,21.5,2.92,0
415.38,437.03,12.5,449.53,368.63,2070.8,474.45,100.24,34.95,24.2,1.5,1
473.62,424.59,15.16,439.75,373.43,2038.3,339.76,74.42,28.01,28.8,0.23,0
438.25,432,17.23,449.23,377.8,2112.5,419.84,92.22,25.08,17,2.5,0
358.89,418.41,18.4,436.81,379.56,2102.5,336.05,75.09,22.74,16,2.37,0
404.6,399.92,18.87,418.79,378.09,2060,497.28,100.36,21.19,78,1.3,0
391.62,346.79,18.68,365.47,375.13,1821.1,468.76,83.93,18.56,32,2.8,0
364.49,360.52,18.06,378.58,378.54,1729.7,340.57,63.99,19.96,15,0.23,0
361.64,393.4,17.04,410.44,383.69,1864.2,399.14,80.42,23.09,87,3.03,0
387,402.03,17.03,419.06,387.98,1951.5,419.28,86.46,23.6,35,3.2,0
561.85,383.29,17.93,401.22,389.46,1947.2,416.55,82.14,21.38,100,1.3,0
987.62,330.76,18.59,349.35,385.02,1929.3,172.57,36.75,17.79,100,2.5,0
734.88,343.57,17.9,361.47,380.52,2050.7,369.15,78.12,19.19,100,1,0
479.23,318.62,16.5,335.12,375.47,1925.2,409.17,77.13,19.31,97,2.3,0
430.43,250.84,15.45,266.29,370.39,1711,277.74,47.94,16.24,66,0.57,0
537.82,194.94,13.91,208.85,365.83,1531.9,313.52,44.94,14.02,88,0.65,0
438.74,139.11,11.67,150.78,358.46,1294.5,78.19,10.16,11.92,23,2.8,0
343.49,111.14,9.29,120.43,351.04,1300.1,-50.73,0,11.97,51,2.8,0
285.74,131.51,6.78,138.29,349.42,1462.4,148.95,23.01,19.41,78,2.12,0
266.26,178.17,5.17,183.34,353.98,1555.3,101.47,17.94,34.48,69,3.03,0
320.22,236.88,5.09,241.97,363.99,1713.3,328.16,57.58,46.5,23,2.12,0
414.97,203.77,6.54,210.31,364.71,1642.9,186,31.5,31.14,16,3.03,1
479.28,171.5,8.06,179.56,361.92,1601.7,173.4,28.8,21.27,68,2.5,0
575.03,155.65,7.98,163.63,360.5,1548.8,210.68,33.02,19.51,36,2.37,0
333.75,139.17,7.3,146.47,357.9,1461.1,111.36,16.66,19.07,55,1.3,0
244.46,120.15,6.55,126.7,352.76,1423.1,80.23,11.99,18.33,76,2.8,0
249.42,112.05,5.52,117.57,348.66,1407.7,126.13,18.1,20.3,34,2.8,0
238.83,104.6,4.65,109.25,344.93,1352.2,90.27,12.66,22.5,89,2.12,0
230.91,100.81,4.06,104.87,341.98,1348.1,66.66,9.51,24.81,54,3.03,0
237.69,101.3,3.69,104.99,339.18,1374.5,75.2,10.81,27.43,43,3.2,0
220.3,102.72,3.48,106.2,336.12,1416.3,1.72,0.27,29.53,45,2.5,0
230.26,116.81,3.33,120.14,334.71,1540.3,81.18,13.4,35.05,34,2.37,0
211.86,170.33,3.47,173.8,339.88,1691.6,44.32,8.6,49.1,87,1.3,0
200.67,268.24,4.3,272.54,352.55,1923.5,284.15,57.96,62.35,65,2.8,0
209.79,269.67,6.48,276.15,355.52,1911.5,336.73,64.81,41.59,35,3.43,0
286.12,280.19,8.79,288.98,358.52,1853.5,245.89,49.06,31.87,33,3.7,1
503.94,382.11,10.14,392.25,364.86,1949.5,358.28,74.89,37.69,31,0.23,0
350.74,363.11,11.57,374.68,367.77,1914.4,488.45,90.63,31.38,67,2.8,0
296.67,259.8,13.23,273.03,362.89,1630.5,339.23,52.99,19.64,45,0.23,0
765.03,176.28,13.27,189.55,355.98,1386.3,231.36,31.07,13.29,64,2.5,0
677.2,129.2,11.27,140.47,350.96,1238.9,120.05,15.37,11.46,35,2.37,0
392.28,109.21,8.78,117.99,347.12,1186.6,118.57,14.08,12.44,8,1.3,0
325.55,106.79,6.7,113.49,341.07,1098.3,67.81,7.59,15.94,7,2.8,0
390.49,111.2,4.76,115.96,334.68,1068.7,26.92,3.03,23.38,7,0.23,0
414.89,112.56,3.14,115.7,329.11,1107.6,-8.44,0,35.9,7,3.03,0
307.27,107.71,2.42,110.13,324.43,1164.9,73.56,8.9,44.54,132,3.2,0
342.99,102.77,2.47,105.24,320.74,1152.2,52.37,6.33,41.57,0,2.8,0
348.89,106.71,2.44,109.15,317.96,1165.2,85.87,10.58,43.71,56,0.23,0
407.62,99.41,2.42,101.83,318.45,1184.7,106.37,13.28,41.08,34,2.5,0
406.69,94.05,2.65,96.7,318.94,1193.7,123.4,15.43,35.53,12,2.37,0
427.94,94.22,2.92,97.14,320.85,1191.5,120.23,14.9,32.22,69,1.3,0
495.99,94.04,3.17,97.21,321.44,1188.3,71.22,8.92,29.67,61,2.8,0
405.87,91.83,3.3,95.13,319.32,1211.5,38,4.9,27.84,58,0.23,0
336.63,93.67,3.15,96.82,317.09,1242.8,93.76,12.29,29.75,44,3.03,0
287.12,97.01,2.8,99.81,316.62,1251.2,92.71,12.07,34.68,21,3.2,0
266.25,91.73,2.73,94.46,314.97,1253.4,39.75,5.27,33.6,90,1.3,0
296.84,101.8,2.76,104.56,313.51,1309.9,70.95,9.98,36.9,99,2.5,1
344.63,152.06,2.71,154.77,320.24,1479.8,30.56,5.32,56.15,101,1,0
242.34,252.2,3.19,255.39,337.68,1804.6,217.89,44.42,79.17,122,2.3,0
258.5,332.7,5.43,338.13,348.2,1910.9,434.6,82.39,61.32,123,0.57,0
492.57,244.42,8.73,253.15,344.97,1638.4,384,57.03,27.99,165,0.65,0
651.36,158.16,10.16,168.32,337.11,1355.2,67.21,9.36,15.57,121,0.78,0
531.5,145.95,9.31,155.26,334.82,1477,-57.76,0,15.68,100,1.3,0
333.92,243.66,7.47,251.13,344.82,1837,205.38,41.6,32.62,87,3.2,0
272.27,334.46,7.46,341.92,353.74,1997.6,303.16,64.89,44.86,90,2.4,0
367.89,409.2,9.34,418.54,361.74,2103.4,331.99,75.17,43.82,77,4.3,1
553.5,448.6,11.82,460.42,369.19,2200.4,361,83.97,37.96,109,2.8,0
451.44,437.03,14.56,451.59,372.78,2216.7,382.39,88.61,30.01,110,3.03,0
444.73,428.51,16.53,445.04,375.15,2118.3,536.72,111.07,25.93,34,3.2,0
350.83,361.59,17.5,379.09,375.57,1863.2,469.67,85.54,20.67,99,2.5,0
322.13,333.77,18.06,351.83,378.74,1766.5,274.08,53.15,18.48,12,2.5,0
321.96,424.98,17.46,442.44,383.89,1929.7,391.12,81.45,24.33,34,2.37,0
371.6,424.93,17.24,442.17,389.69,2015.6,427.43,90.95,24.65,53,0.57,0
421.35,431.94,18.05,449.99,394.85,2022.2,476.94,99.58,23.92,23,0.65,0
888.74,423.13,18.9,442.03,399.18,1984.7,428.39,89.37,22.39,76,0.78,0
669.57,405.55,19.51,425.06,401.56,1947.5,541.67,104.43,20.79,56,3.2,0
456.19,393.38,19.91,413.29,403.44,1885.2,247.98,52.56,19.76,89,0.34,1
470.59,441.55,19.53,461.08,404.42,1997.1,525.61,101.99,22.6,10,2.3,0
482.45,310.01,19.11,329.12,396.33,1807.2,213,40.81,16.22,90,3.2,1
490.5,263.33,18.12,281.45,390.8,1791.9,320.57,57.75,14.54,80,3.5,1
864.55,199.2,15.76,214.96,382.88,1585.9,253.11,37.76,12.64,43,3.6,0
596.04,135.46,13,148.46,370.78,1325.1,96.74,12.58,10.42,56,3.8,1
356.87,103.57,9.54,113.11,361.58,1242.2,-4.45,0,10.85,0,1.3,0
269.26,98.18,6.58,104.76,355.58,1304.6,38.71,5.38,14.91,67,2.3,1
236.2,111.65,4.65,116.3,352.27,1367.4,93.93,13.72,24.03,45,2.5,0
265.23,165.64,3.72,169.36,358.51,1521.7,56.77,10.06,44.49,27,2.37,0
343.01,266.38,3.97,270.35,369.27,1819.4,243.69,49.15,67.07,78,1.3,0
336.03,309.21,6.19,315.4,378.28,1950.8,298.43,60.59,49.94,35,4.3,1
502.66,274.59,9.34,283.93,374.72,1922,244.87,49.2,29.39,68,0.32,0
669.07,248.4,10.93,259.33,372.85,1818.7,431.19,74.15,22.72,39,0.78,0
489.58,226.38,11.12,237.5,372.23,1623,172.31,30.33,20.36,89,1.43,0
330.5,290.6,10.52,301.12,378.25,1725.1,364.12,66.36,27.61,78,2.56,0
258.01,312.47,10.26,322.73,383.76,1737.5,322.27,59.14,30.46,79,0.32,0
274.64,263.72,11.49,275.21,383.33,1645.4,405.72,62.77,22.96,56,2.08,0
572.79,179.37,12.02,191.39,375.48,1330.7,239.61,29.57,14.92,98,2.5,0
592.23,124.23,10.98,135.21,365.85,1149.5,-4.23,0,11.32,76,2.37,0
349.64,107.85,8.62,116.47,358.12,1186.6,58.11,7.26,12.52,87,1.3,0
312.14,96,6.2,102.2,352.87,1173.7,80.35,9.64,15.48,76,2.8,0
360.73,105.12,4.55,109.67,347.02,1127.8,50.6,5.9,23.12,57,3.56,0
377.28,114.15,3.24,117.39,341,1109.6,40.99,4.75,35.28,85,2.37,0
390.44,119.48,2.3,121.78,336.77,1119.8,40.76,4.85,51.91,46,1.3,0
344.59,127.89,2.02,129.91,333.6,1159.3,129.4,15.92,63.36,89,2.8,0
338.06,112.89,2.42,115.31,335.3,1215.1,74.11,9.93,46.56,88,0.23,0
357.51,106.41,3.08,109.49,337.69,1262.9,190.93,23.94,34.5,87,3.03,0
526.7,98.62,3.55,102.17,336.45,1178.3,47.71,5.9,27.77,89,3.2,0
925.23,98.43,3.7,102.13,333.8,1219.2,21.21,2.8,26.59,76,2.5,0
507.87,96.89,3.42,100.31,331.33,1331.9,-4.7,0,28.35,85,2.37,0
255.47,123.73,3.15,126.88,334.11,1530.3,-25.14,0,39.22,56,1.3,0
356.77,205.54,3.14,208.68,342.66,1809.5,167.38,33.46,65.42,94,2.8,0
334.71,279.01,4.61,283.62,352.46,1882,372.35,70.73,60.47,35,0.23,0
279.99,231.77,6.97,238.74,353.17,1676,369.81,57.36,33.26,87,3.03,0
454.96,175.2,8.43,183.63,350.13,1455.4,93.39,14.71,20.79,24,3.2,0
405.15,190.03,7.97,198,354.15,1544.1,235.84,38.62,23.84,24,2.5,0
329.59,180.54,7.38,187.92,358.17,1546,249.72,39.79,24.46,32,2.37,0
271.76,160.6,7.6,168.2,360.63,1454.4,265.28,38.03,21.14,98,1.3,0
493.77,132.88,7.48,140.36,357.4,1287.4,147.11,18.5,17.76,23,2.8,0
454.21,105.67,6.79,112.46,349.37,1174.5,31.81,3.87,15.56,35,3.56,0
248.17,108.46,5.62,114.08,343.06,1210.3,19.1,2.52,19.28,64,0.32,0
259.57,137.5,4.35,141.85,342.72,1405.5,-19.8,0,31.64,23,0.78,0
266.23,210.93,3.84,214.77,354.59,1686.1,350.16,61.37,54.87,21,1.43,0
303.76,251.4,4.97,256.37,362.18,1714.5,188.76,35.41,50.6,100,2.56,0
509.74,284.01,7.22,291.23,365.9,1858.7,245.79,49.14,39.35,43,0.32,0
771.37,313.79,9.4,323.19,367.11,1926.2,321.89,65.73,33.4,34,1,0
587.16,332.08,11.16,343.24,367.13,1851.3,519.61,90.44,29.75,45,2.3,0
420.62,278.81,12.32,291.13,367.23,1664.6,199,36.6,22.64,39,0.57,0
401.86,379.8,12.59,392.39,374.73,1851.8,368.52,74.64,30.16,32,0.65,1
439.44,422.04,13.08,435.12,381.88,1942.7,485.23,97.35,32.26,24,0.78,0
374.18,405.08,15.09,420.17,388.18,1899.9,443.71,88.34,26.84,87,2.5,1
812.94,389.73,16.81,406.54,392.27,1836.6,554.57,100.75,23.18,67,2.37,0
743.65,318.35,17.64,335.99,393.39,1638.6,425.83,68.78,18.05,34,1.3,0
487.38,234.17,17.33,251.5,389.58,1488,285.4,43.07,13.51,12,2.8,1
482.97,181.78,15.55,197.33,385.37,1433.1,206.07,30.41,11.69,19,0.23,0
449.5,180.66,13.34,194,384.75,1533.2,36.64,6.56,13.55,18,2.5,0
406.62,289.04,11.01,300.05,393.24,1899.2,129.41,28.81,26.25,67,2.37,0
391.01,349.83,10.55,360.38,391.96,2067.5,482.24,94.86,33.15,5,3.2,1
382.7,236.45,11.83,248.28,378.84,1718.9,247.26,40.14,19.99,10,2.5,0
584.76,186.09,12.16,198.25,370.63,1612.6,-3.25,0,15.3,13,2.37,0
536.12,262.53,10.18,272.71,374.69,1899.4,158.47,33.83,25.79,17.5,3.2,0
280.72,319.58,9.3,328.88,377.22,2081.1,284.97,62.15,34.35,12.4,2.5,0
287.73,309.42,10.3,319.72,374.05,2079.7,262.86,57.08,30.04,123,2.37,0
498.9,307.22,11.36,318.58,371.01,2069.5,268.83,58.1,27.04,34,1.3,0
452.09,304.4,11.95,316.35,369.08,2036.4,339.85,70.23,25.46,15,2.8,0
301.95,306.81,12.34,319.15,368.98,2008.1,154.03,34.09,24.87,64,0.23,0
296.17,311.94,12.53,324.47,367.23,2058.4,427.32,84.15,24.9,98,2.5,0
300,273.79,12.72,286.51,363,1887.8,78.94,16.49,21.52,34,2.5,0
311.35,331.69,12.43,344.12,361.99,2056.9,213.59,46.19,26.68,28,2.37,0
321.47,272.71,11.91,284.62,357.31,2095.4,144.46,32.36,22.91,57,1.3,0
276.01,299.77,11.45,311.22,357.23,2169.9,220.84,50.8,26.18,63,2.8,0
459.12,310,11.06,321.06,356.09,2140.8,359.04,76.66,28.03,96,2.8,0
331.51,283.14,11.26,294.4,355.07,1972.1,292.1,58.48,25.14,17,2.12,0
291.86,261.98,11.51,273.49,357.01,1904.7,233.25,46.58,22.77,56,3.03,0
292.21,272.09,11.52,283.61,361.55,1918.4,269.36,54.05,23.61,27,3.2,0
301.56,322.67,11.54,334.21,366.24,1949.9,256.31,53.6,27.95,45,2.5,0
288.56,338.33,11.83,350.16,369.58,2016.6,322.2,68.03,28.59,67,2.37,0
262.1,335.53,12.53,348.06,370.23,2012.9,316.21,66.32,26.78,24,1.3,0
354.98,334.07,13.28,347.35,371.09,2004.8,322.69,67.58,25.15,57,2.8,0
452.28,340.4,13.77,354.17,372.12,2013.8,305.17,64.75,24.73,98,3.03,0
383.31,355.3,14.17,369.47,373.4,2045.5,303.48,65.53,25.08,99,3.2,0
402.85,360.93,14.49,375.42,374.47,2062.9,341.56,73.17,24.91,67,2.5,0
419.2,358.59,14.79,373.38,375.26,2045.2,319.08,68.31,24.25,26,2.5,0
398.91,360.52,15.05,375.57,376.13,2053,316.74,68.21,23.95,17.8,2.37,0
370.88,361.71,15.22,376.93,376.9,2061.6,320.69,69.17,23.76,17.3,1.3,0
374.04,360.44,15.32,375.76,377.53,2058.7,328.93,70.65,23.52,21.5,2.8,0
384.27,359.1,15.4,374.5,378.12,2045.6,336.75,71.59,23.32,24.2,2.8,0
375.4,356.91,15.47,372.38,378.88,2037.9,306.06,65.69,23.07,28.8,2.12,0
373.98,360.36,15.5,375.86,379.79,2058.6,323.82,69.85,23.25,17,3.03,0
378.07,360.06,15.49,375.55,380.24,2048.9,352.97,74.83,23.25,16,3.2,0
383.84,354.96,15.5,370.46,380.82,2012.8,338.03,70.88,22.89,78,2.5,0
384.74,351.01,15.5,366.51,381.42,1981.8,372.12,75.85,22.65,32,2.37,0
377.26,339.75,15.47,355.22,382.33,1925.4,357.66,71.14,21.96,15,1.3,0
390.64,330.74,15.36,346.1,383.85,1893.5,324.49,64.83,21.53,87,2.8,0
424.09,319.77,15.11,334.88,385.1,1823.5,526.53,91.02,21.16,35,0.23,0
430.54,289.29,15.01,304.3,387.65,1687.6,150.73,28.92,19.27,100,2.5,0
428.72,353.23,14.35,367.58,390.83,1915.5,292.65,59.64,24.62,100,2.37,0
423.5,282.25,14.22,296.47,385.17,1960.2,190.74,39.41,19.84,100,1.3,0
423.06,245.59,14.23,259.82,380.25,1980.6,206.6,42.76,17.26,97,2.8,0
690.27,235.14,12.97,248.11,377.67,1970.6,209.86,42.99,18.13,66,0.23,0
500.32,225.21,11.64,236.85,376.54,1950.9,193.29,39.3,19.35,88,3.03,0
283.13,217.71,10.66,228.37,375.84,1941.5,184.26,37.4,20.43,23,3.2,0
246.85,215.2,9.91,225.11,376.18,1940.6,188.17,38.2,21.71,51,2.5,0
233.17,218.15,9.4,227.55,377.71,1931.6,217.7,43.62,23.2,78,2.37,0
220.28,220.46,9.18,229.64,379.76,1904,223.31,44.11,24,69,2.8,0
206.02,230.53,9.23,239.76,383.04,1904.3,191.16,38.7,24.98,23,3.56,0
197.9,266.35,9.44,275.79,385.98,1952.1,267.84,54.84,28.21,16,2.12,0
192.12,310.34,9.94,320.28,387.56,1961.8,261.91,54.52,31.23,68,0.78,0
193.98,285.01,10.75,295.76,384.51,1893.9,407.56,73.96,26.5,36,2.5,0
267.61,217.52,11.34,228.86,379.69,1622.3,292.82,46.56,19.19,55,2.37,0
347.46,194.08,10.97,205.05,381,1533.9,175.47,29,17.69,76,1.3,0
369.71,249.96,9.94,259.9,389.2,1693.1,198.96,38.16,25.15,34,2.8,0
285.53,332.26,9.84,342.1,397.49,1938.5,259.94,55.29,33.78,5,0.45,0
325.06,356.67,11.54,368.21,398.39,2078.7,295.89,65.37,30.9,10,2.5,0
516.56,356.93,13.38,370.31,395.17,2107.3,332.54,72.66,26.67,13,2.37,0
592.29,356.45,14.3,370.75,392.4,2068,339.68,72.77,24.92,17.5,1.3,0
397.27,354.85,14.69,369.54,391.12,2024.1,358.8,74.87,24.15,12.4,2.8,0
354.29,348.26,14.95,363.21,390.42,1972.3,352.53,71.92,23.29,123,0.23,0
355.51,341.11,15.11,356.22,390.53,1943.5,332.79,67.58,22.57,34,3.03,0
379.23,338.47,15.1,353.57,391.36,1935.8,349.16,70.25,22.41,15,3.2,0
415.08,340.24,15.05,355.29,392.4,1930.2,318.28,64.68,22.61,64,2.5,0
418.86,344.48,15.01,359.49,393.64,1962.4,319.16,66.11,22.95,98,2.37,0
425.35,354.6,15.01,369.61,394.67,2001.9,313.07,66.31,23.63,34,1.3,0
425.02,359.82,15.11,374.93,394.91,2043.1,318.87,68.56,23.82,28,2.8,0
422.6,364.89,15.3,380.19,394.78,2076.1,301.22,66.09,23.85,57,3.56,0
413.56,366.83,15.45,382.28,394.49,2116.9,276.93,62.36,23.74,63,2.5,0
422.17,340.13,15.44,355.57,389.18,2073.6,388.97,79.57,22.03,96,2.37,0
386.59,257.99,15.16,273.15,383.13,1781.5,452.33,73.38,17.02,17,3.2,0
377.73,209.44,14.29,223.73,384.01,1556.2,93.98,16.39,14.65,56,2.5,0
350.36,247.42,12.22,259.64,386.55,1781,140.51,27.78,20.24,27,2.37,0
305.09,221.79,10.93,232.72,382.23,1896.1,164.81,32.03,20.29,45,1.3,0
350.04,183.3,10.65,193.95,375.01,1833,130.82,24.81,17.21,67,2.8,0
789.91,168.66,9.38,178.04,370.81,1824.7,74.31,14.38,17.98,24,0.23,0
558.62,157.7,7.92,165.62,366.83,1860.9,73.84,14.35,19.9,57,2.5,0
248.29,145.59,6.86,152.45,362.16,1881.5,37.15,7.46,21.21,98,2.5,0
264.59,164.24,5.86,170.1,362.91,1947.1,128.51,26.52,28.01,99,2.37,0
211.9,213.41,5.47,218.88,367.14,1957.1,257.45,51.97,39.05,67,1.3,0
202.89,230.03,6.09,236.12,371.88,1861.2,318.09,59.03,37.75,26,2.8,0
221.06,208.11,7.36,215.47,374.47,1708.1,270.41,46.21,28.29,17.8,2.8,0
268.56,188.89,8.19,197.08,376.6,1658.9,94.12,17.15,23.07,17.3,2.12,0
283.68,191.43,8.24,199.67,379.27,1737.1,317.68,55.39,23.23,21.5,3.03,0
225.96,209.34,8.45,217.79,381.77,1676.6,147.86,27.32,24.77,24.2,3.2,0
234.31,250.37,8.66,259.03,384.03,1673.2,454.69,70.12,28.91,28.8,2.5,0
345.91,176.15,8.94,185.09,378.06,1375.6,229.58,31.23,19.7,17,2.37,0
351.76,193.9,8.94,202.84,381.96,1435.6,67.32,11.61,21.7,16,1.3,0
487.91,347.41,8.3,355.71,395.7,1836.1,242.62,51.05,41.83,78,2.8,0
506.03,376.69,9.65,386.34,400.96,2103.2,287.94,65.62,39.05,32,3.03,0
766.43,385.01,12.45,397.46,398.83,2179.8,351.87,79.35,30.92,15,3.2,0
1333.81,367.82,14.16,381.98,396.44,2107.5,390.45,83.59,25.98,87,2.5,0
802.87,357.95,14.95,372.9,394.65,2005.4,366.34,75.46,23.94,35,2.5,0
373.7,349.27,15.32,364.59,394.33,1945.3,364.91,73.16,22.8,100,2.37,0
337.26,337.11,15.42,352.53,394.92,1919,321.19,64.86,21.86,100,1.3,0
370.13,343.76,15.3,359.06,396.04,1945.8,326.42,66.9,22.46,100,2.8,0
423.24,348.82,15.13,363.95,396.99,1967.9,333.97,68.97,23.05,97,2.8,0
420.91,352.51,15.08,367.59,397.6,1978.1,339.9,70.31,23.37,66,2.12,0
417.84,354.07,15.14,369.21,397.86,1985.5,327.14,68.27,23.38,88,3.03,0
407.83,355.39,15.23,370.62,398.04,2007.1,325.87,68.82,23.33,23,3.2,0
405.51,358.31,15.31,373.62,397.75,2021.7,342.92,72.36,23.41,51,2.5,0
406.14,360.15,15.42,375.57,397.57,2019.1,332.86,70.4,23.36,78,2.37,0
419.15,361.41,15.53,376.94,397.5,2028.4,328.75,69.98,23.27,69,1.3,0
423.01,362.97,15.6,378.57,397.7,2034.1,342.99,72.8,23.27,23,2.8,0
411.16,363.38,15.66,379.04,397.86,2027.5,335.32,71.07,23.2,16,0.23,0
418.02,361.51,15.71,377.22,398.01,2026.5,335.71,71.13,23.01,68,2.5,0
396.17,360.27,15.75,376.02,398.19,2025.9,336.02,71.19,22.88,36,2.37,0
398.19,360.08,15.74,375.82,398.44,2018.4,351.95,73.92,22.87,55,1.3,0
400.47,357.07,15.73,372.8,398.48,1990.2,364.82,75.06,22.7,76,2.8,0
401.19,351.75,15.73,367.48,398.71,1954.7,348.21,70.8,22.37,34,0.23,0
399.8,349.28,15.7,364.98,399.57,1952.7,322.79,66.43,22.25,89,3.03,0
430.22,353.12,15.58,368.7,400.73,1982.1,333.17,69.23,22.66,54,3.2,0
438.49,354.63,15.52,370.15,401,2020.8,244.28,53.5,22.85,43,2.5,0
425.4,340.73,15.37,356.1,398.44,2019.6,427.9,84.31,22.18,45,2.37,0
420.27,258.21,15.01,273.22,391.47,1718.3,434.63,69.02,17.2,34,2.8,0
419.16,214.91,14.12,229.03,391.44,1500.6,180.27,29.42,15.22,87,3.56,0
400.6,244.87,12.18,257.05,396.18,1629.4,202.6,35.88,20.1,65,2.12,0
333.44,214.58,11.02,225.6,394.47,1726,133.57,24.51,19.47,35,0.78,0
367.57,177.54,10.68,188.22,387.5,1762.2,86.41,15.9,16.62,33,2.5,0
717.52,156.24,9.55,165.79,380.48,1784.4,56.17,10.71,16.36,31,2.37,0
558.94,173.59,7.82,181.41,379.36,1862.1,125.23,24.91,22.2,67,1.3,0
257.99,202.07,6.84,208.91,380.84,1922.2,164.27,33.28,29.54,45,2.8,0
238.83,200.09,6.96,207.05,379.85,1934.1,162.25,32.66,28.77,64,0.45,0
266.03,198.47,7.37,205.84,379.13,1918.9,181.77,36.3,26.93,35,2.5,0
348.55,199.12,7.51,206.63,379.33,1924.9,115.86,23.71,26.51,8,2.37,0
245.83,193.11,7.68,200.79,376.99,1954.8,165.38,33.45,25.16,7,1.3,0
208.35,189.64,7.61,197.25,375.65,1923.7,157.08,31.51,24.93,7,2.8,0
220.2,190.62,7.35,197.97,375.26,1927.6,110.88,22.63,25.94,7,0.23,0
188.26,180.76,7.25,188.01,371.51,1930.2,149.39,29.44,24.95,132,3.03,0
203.81,160.85,6.98,167.83,366.35,1863.1,83.58,16.21,23.06,0,3.2,0
209.24,150.66,6.31,156.97,361.93,1853.1,74.59,14.47,23.88,56,2.5,0
185.01,141.59,5.58,147.17,357.38,1825.1,88.75,16.73,25.36,34,2.37,0
191.97,126.3,4.88,131.18,350.73,1671.1,247.27,38.34,25.87,12,1.3,0
199.18,114.78,4.03,118.81,346.5,1389.4,136.16,18.68,28.46,69,2.8,0
185.51,158.46,3.13,161.59,348.58,1436.2,-8,0,50.69,61,3.56,0
179.43,270.7,3.24,273.94,368.06,1792.7,291.63,57.96,83.61,5,2.37,0
190.97,304.7,5.43,310.13,378.77,1938.8,319.42,65.56,56.16,10,1.3,0
533.66,310.99,8.95,319.94,378.8,1978.2,303.59,63.28,34.75,13,2.8,0
829.26,309.92,11.22,321.14,377.88,2000.5,277.73,58.11,27.62,17.5,0.23,0
570.95,291.61,12.42,304.03,376.96,2002.3,255.92,53.55,23.47,12.4,3.03,0
382.69,280.06,12.79,292.85,375.6,2008.2,230.24,48.59,21.9,123,3.2,0
376.12,271.53,12.61,284.14,373.81,2027.3,217.89,46.34,21.53,34,2.5,0
330.88,264.56,12.21,276.77,371.3,2044.5,190.99,41.2,21.67,15,2.37,0
287.86,258.89,11.66,270.55,368.25,2049.1,249.34,52.48,22.2,64,1.3,0
277.09,256.58,11.16,267.74,367.95,2013.2,203.63,43.32,23,98,2.8,0
276.57,271.82,10.72,282.54,368.18,2040.8,245.35,52.18,25.36,34,0.23,0
268.52,273.57,10.73,284.3,368.38,2041.5,208.87,45.02,25.5,28,3.03,0
268.2,287.56,10.89,298.45,368.29,2066.2,256.16,55.15,26.39,57,3.2,0
298.6,309.33,11.09,320.42,368.6,2062,242.85,52.98,27.9,63,2.5,0
276.91,294.07,11.33,305.4,366.71,2021.6,324.34,65.37,25.96,96,2.37,0
285.75,219.24,11.55,230.79,359.05,1778.1,245.23,41.1,18.98,17,1.3,0
324.66,152.95,10.68,163.63,350.45,1495,185.7,27.17,14.33,56,2.8,0
319.3,154.96,8.4,163.36,350.78,1402.9,150.87,22.91,18.45,27,3.56,0
270.53,181.76,6.5,188.26,359.25,1464.7,229.64,35.01,27.96,45,0.32,0
223.14,161.26,6.24,167.5,364.88,1450.7,182.65,27.61,25.85,67,0.78,0
382.25,148.75,6.6,155.35,369.44,1474.4,152.67,23.97,22.54,24,1.43,0
657.68,186.03,6.78,192.81,377.81,1610.1,114.65,21.17,27.43,57,2.56,0
321,293.95,7.24,301.19,387.56,1852.1,243.05,48.61,40.58,98,0.32,0
267.47,279.46,8.83,288.29,388.93,1937,261.2,53.3,31.64,99,1,0
325.01,293.57,10.65,304.22,388.45,1974.9,244.73,51.39,27.58,67,2.3,0
498.03,298.83,11.5,310.33,386.06,2016.6,281.83,59.23,25.98,26,0.57,0
319.03,294.85,12.06,306.91,383.59,2014.4,248.21,52.65,24.44,17.8,0.65,0
313.55,295.3,12.32,307.62,381.06,2027.9,261.79,55.56,23.97,17.3,0.78,0
318.14,281.41,12.32,293.73,377.51,1970,324.24,64.14,22.84,21.5,3.03,0
311.3,231.83,12.08,243.91,372.89,1782.8,292,50.69,19.2,24.2,3.2,0
309.48,172.38,11.24,183.62,366.14,1568.8,157.09,24.47,15.34,28.8,2.5,0
306.11,138.24,9.34,147.58,361.08,1449.5,184.53,26.75,14.81,17,2.37,0
265.95,177.64,7.4,185.04,366.24,1524.4,-17.38,0,24,16,1.3,0
229.33,309.45,6.37,315.82,375.38,1904,239.01,49.8,48.58,78,2.8,0
259.51,278.55,7.84,286.39,380.83,2015.2,220.04,46.58,35.51,32,3.03,0
430.86,261.73,9.93,271.66,376.21,2030.5,212.91,45.33,26.35,15,3.2,0
745.72,264.48,10.56,275.04,373.49,2039.6,230.08,49.07,25.05,87,2.5,0
417.83,281.81,10.7,292.51,372.78,2053.1,232.89,50.34,26.34,35,2.5,0
288.13,316.25,10.91,327.16,373.34,2101.6,211.59,47.89,28.99,100,2.37,0
284.19,327.81,11.36,339.17,370.98,2114.9,372.67,77.93,28.84,100,1.3,0
279.96,267.16,12.02,279.18,367.7,1961.7,155.23,31.83,22.22,100,2.8,0
325.34,258.23,12.11,270.34,364.68,1988.2,202.14,43.36,21.33,97,2.8,0
310.85,306.02,11.33,317.35,368.04,1944.6,531.03,95.71,27.01,66,2.12,0
277.39,270.81,11.36,282.17,369.14,1734.4,102.71,19.93,23.84,88,3.03,0
275.91,353.36,11.58,364.94,374.13,2011,157.23,35.8,30.51,23,3.2,0
362.42,346.82,11.86,358.68,373.17,2231.2,230.97,54.29,29.24,51,2.5,0
347.97,315.3,12.83,328.13,367.87,2242.6,240.75,56.28,24.58,78,2.37,0
696.44,328.88,12.88,341.76,365.4,2233.6,241.5,56.36,25.54,69,1.3,0
449.96,329.63,12.67,342.3,363.23,2234.8,224.3,52.52,26.01,23,2.8,0
298.58,318.28,12.6,330.88,360.49,2239.4,238.62,55.77,25.25,16,0.23,0
295.96,328.23,12.53,340.76,359.4,2233.5,227.26,53.22,26.2,68,2.5,0
290.54,325.87,12.41,338.28,358.91,2208.1,332.44,75.01,26.26,36,2.37,0
294.73,341.01,12.44,353.45,361.13,2107.2,340.85,73.48,27.42,55,1.3,0
298.42,339.21,12.69,351.9,364.5,2006.7,375.22,76.53,26.72,76,2.8,0
294.89,312.74,13.2,325.94,366.47,1864,406.56,75.01,23.69,34,0.23,0
306.69,254.11,13.47,267.58,367.78,1675.9,303.43,50.42,18.86,5,3.03,0
345.61,193.17,12.89,206.06,365.69,1546.9,201.94,31.57,14.98,10,3.2,0
395.46,183.99,11.56,195.55,367.95,1591.8,41.25,7.63,15.91,13,2.5,0
372.44,251.66,9.74,261.4,376.1,1841,202.57,39.63,25.84,17.5,2.37,0
299.27,210.13,9.52,219.65,375.89,1854.2,206.76,39.48,22.08,12.4,2.8,0
329.92,195.73,9.61,205.34,376.14,1816.7,177.83,33.81,20.37,123,3.56,0
463.7,192.48,9.08,201.56,377.82,1816.9,189.08,35.83,21.2,34,2.12,0
234.75,194.22,8.69,202.91,380.24,1816.2,188.44,35.84,22.35,15,0.78,0
215.86,208.23,8.49,216.72,384.32,1846,158.14,31.45,24.53,64,2.5,0
199.06,216.44,8.51,224.95,386.23,1847.2,300.79,55.35,25.45,98,2.37,0
179.78,176.67,8.71,185.38,380.26,1600.3,283.79,40.77,20.28,34,1.3,0
186.98,142.88,8.34,151.22,376.28,1412.1,-39.26,0,17.13,28,2.8,0
192.58,214.3,6.61,220.91,378.88,1699.6,199.79,37.48,32.41,57,0.45,0
188.68,256.13,6.34,262.47,381.77,1823.9,188.07,36.7,40.4,63,2.5,0
252.21,208.15,7.83,215.98,378.04,1765.5,264.51,43.74,26.58,96,2.37,0
877.2,149.01,8.34,157.35,366.13,1518.4,58.44,9.15,17.88,17,1.3,0
832.26,162.79,7.09,169.88,363.71,1578.7,52.73,9.42,22.95,56,2.8,0
256.88,237.86,5.81,243.67,371.4,1762.1,282.33,52.63,40.96,27,0.23,0
180.89,302.62,6.52,309.14,378.78,1791,311.14,58.75,46.42,45,3.03,0
369.82,305.1,8.43,313.53,382.49,1805.4,354.03,66.44,36.2,67,3.2,0
565.45,300.95,10.47,311.42,385.48,1798.4,322.53,61.14,28.74,24,2.5,0
516.79,298.72,12.06,310.78,387.84,1813.5,347.3,65.16,24.76,57,2.37,0
585.46,280.18,13.12,293.3,388.57,1825.8,163.4,32.84,21.36,98,1.3,0
398.08,248.88,13.41,262.29,383.55,1806.5,363.12,59.92,18.56,99,2.8,0
376.76,160.98,12.55,173.53,371.29,1445.2,175.71,24.34,12.82,67,3.56,0
356.52,164.61,10.58,175.19,370.81,1446.2,-24.61,0,15.55,26,2.37,0
297.08,281.67,7.96,289.63,383.88,1799.2,376.02,72.8,35.4,17.8,1.3,0
217.38,309.28,8.24,317.52,390.46,1870.8,324.86,64.66,37.54,17.3,2.8,0
488.04,324.48,10.61,335.09,392.32,1900,386.71,75.85,30.59,21.5,0.23,0
1112.06,315.13,12.29,327.42,393.18,1871,337.24,66.13,25.64,24.2,3.03,0
834.68,317.77,13.25,331.02,393.89,1890.7,326.48,65.17,23.99,28.8,3.2,0
403.16,332.88,13.76,346.64,394.34,1919.1,337.9,68.09,24.2,17,2.5,0
409.76,338.44,14.12,352.56,394.58,1929.7,344.96,69.61,23.96,16,2.37,0
411.98,341.79,14.37,356.16,394.65,1930,343.56,69.32,23.79,78,1.3,0
414,342.34,14.54,356.88,394.64,1929.6,339.05,68.43,23.55,32,2.8,0
415.28,340.54,14.64,355.18,394.49,1926.5,342.85,68.85,23.26,15,0.23,0
412.54,336.8,14.69,351.49,394.32,1918.9,336.59,67.49,22.93,87,3.03,0
414.77,337.33,14.7,352.03,394.41,1920.8,329.93,66.46,22.95,35,3.2,0
416.41,337.41,14.7,352.11,394.63,1929.1,335.88,67.78,22.96,100,2.5,0
418.91,338.95,14.7,353.65,394.74,1933,328.44,66.59,23.05,100,2.37,0
421.16,342.44,14.73,357.17,394.76,1937.6,339.4,68.61,23.24,100,1.3,0
420.2,337.9,14.76,352.66,394.67,1931.3,332.87,67.17,22.89,97,2.8,0
421.94,339.92,14.78,354.7,394.78,1936.1,320.76,65.33,23,66,3.56,0
421.83,341.15,14.77,355.92,395.12,1949.7,340.37,69.24,23.09,88,0.32,0
424.71,344.39,14.82,359.21,395.21,1950.1,320.41,65.63,23.24,23,0.78,0
429.07,348.06,14.89,362.95,395.37,1971.5,319.79,66.34,23.37,51,1.43,0
422.61,353.59,14.93,368.52,395.46,1995.2,318.98,67,23.68,78,2.56,0
421.96,352.55,14.99,367.54,395,2009.4,337.58,70.82,23.52,69,0.32,0
424.01,353.78,15.1,368.88,394.54,2002.7,335.53,70.25,23.43,23,1,0
420.28,353.23,15.21,368.44,394.39,1995.3,348.86,72.38,23.23,16,2.3,0
439.12,350.5,15.29,365.79,394.35,1975.8,341.23,70.24,22.93,68,0.57,0
447.79,348.36,15.32,363.68,394.75,1959.4,345.89,70.47,22.74,36,0.65,0
449.63,343.63,15.26,358.89,395.33,1936.6,347.99,70.01,22.52,55,0.78,0
440.63,335.58,15.19,350.77,395.95,1919.1,334.99,67.13,22.1,76,2.5,0
428.71,333.96,15.09,349.05,396.73,1918.1,334.47,67.05,22.13,34,2.37,0
434.65,336.26,14.98,351.24,397.47,1927.4,314.01,63.83,22.44,89,1.3,0
441.56,343.91,14.9,358.81,398.14,1949,339.47,69.05,23.08,54,2.8,0
446.88,346.08,14.89,360.97,398.07,1953.5,312.84,64.4,23.24,43,0.23,0
443.64,348.97,14.93,363.9,398.06,1982.6,319.17,66.62,23.38,45,2.5,0
438.24,353.29,14.97,368.26,398.02,2004.8,326.1,68.59,23.6,34,2.37,0
484.45,352.34,15.07,367.41,397.79,2020.6,317.56,67.47,23.38,87,3.2,0
474.93,355.69,15.19,370.88,397.42,2041.7,320.37,68.57,23.42,65,2.5,0
445.29,359.48,15.31,374.79,397.23,2066.3,292.36,64.04,23.49,35,2.37,0
451.57,368.16,15.38,383.54,397.09,2103.3,328.39,72.2,23.94,33,3.2,0
419.72,368.89,15.45,384.34,396.67,2096.8,329,71.9,23.87,31,2.5,0
409.92,366.87,15.58,382.45,396.34,2088,321.08,70.06,23.54,67,2.37,0
391.96,366.41,15.7,382.11,396.15,2089.7,314.92,69,23.34,45,1.3,0
383.44,367.86,15.74,383.6,396.02,2094.5,325.24,71.08,23.37,64,2.8,0
392.32,366.1,15.75,381.85,395.77,2087.8,320.85,70,23.25,35,0.23,0
391.4,366.37,15.75,382.12,395.82,2089.7,314.03,68.81,23.26,8,2.5,0
389.38,366.64,15.74,382.38,395.98,2094.6,326.24,71.29,23.29,7,2.5,0
395.2,365.43,15.75,381.18,396.01,2088.2,320.5,69.93,23.2,7,2.37,0
398.2,366.08,15.79,381.87,396.11,2093.8,308.3,67.82,23.18,7,1.3,0
391.06,369.72,15.81,385.53,396.37,2111.6,311.24,68.99,23.39,132,2.8,0
393.07,369.66,15.8,385.46,396.52,2112.9,335.86,73.61,23.39,0,2.8,0
397.03,366.77,15.82,382.59,396.76,2098.9,299.22,66.11,23.19,56,2.12,0
389.13,369.26,15.79,385.05,397.13,2113,329.03,72.44,23.39,34,3.03,0
364.05,366.87,15.76,382.63,397.31,2094.5,330.89,71.99,23.28,12,3.2,0
363.91,364.87,15.79,380.66,397.44,2082.5,307.15,67.18,23.1,69,2.5,0
380.67,366.29,15.78,382.07,397.63,2093.5,324.21,70.85,23.22,61,2.37,0
365.39,365.69,15.75,381.44,397.69,2088.1,318.64,69.51,23.22,58,1.3,0
393.59,365.91,15.75,381.66,397.87,2093,306.18,67.36,23.23,44,2.8,0
401.12,368.66,15.74,384.4,398.09,2106.5,322.87,70.96,23.42,21,3.03,0
395.9,368.17,15.74,383.91,398.45,2106.7,305.1,67.51,23.38,90,3.2,0
401.41,369.74,15.78,385.52,398.69,2122.6,312.97,69.48,23.42,99,2.5,0
393.78,371.1,15.83,386.93,398.84,2139.7,276.7,62.69,23.44,101,2.5,0
376.09,374.15,15.86,390.01,398.99,2179.5,303.7,69.34,23.59,122,2.37,0
381.25,368.52,15.86,384.38,399.17,2189.9,289.74,66.68,23.23,123,1.3,0
363.4,370.06,15.87,385.93,399.33,2202.8,306.29,70.42,23.32,165,2.8,0
349.86,369.6,15.88,385.48,399.44,2199.5,294.94,67.97,23.27,121,2.8,0
311.22,369.79,15.9,385.69,399.6,2203.6,308.49,70.9,23.25,100,2.12,0
307.3,368.42,15.92,384.34,399.63,2200.2,293.88,67.71,23.14,87,3.03,0
307.99,368.91,15.95,384.86,399.59,2212.7,282.95,65.81,23.13,90,3.2,0
310.51,363.22,15.92,379.14,398.72,2225.5,293.24,68.16,22.81,77,2.5,0
309.19,362.09,15.83,377.92,398.23,2218.1,304.89,70.47,22.88,109,2.37,0
309.13,370.44,15.65,386.09,398.3,2215.1,281.99,65.58,23.68,110,1.3,0
306.01,362.33,15.67,378,397.35,2228.9,275.83,64.34,23.12,34,2.8,0
313.22,354.51,15.65,370.16,395.79,2231,272.91,63.67,22.65,99,0.23,0
308.75,353.06,15.39,368.45,394.46,2231.3,274.79,64.11,22.95,12,2.5,0
307.22,351.53,15.1,366.63,393.4,2230.9,273.51,63.81,23.27,34,2.37,0
315.07,353.5,14.9,368.4,393.03,2225.9,303.53,70.3,23.73,53,1.3,0
315.79,364.61,14.81,379.42,394.02,2216.7,280.98,65.36,24.61,23,2.8,0
315.3,363.09,14.93,378.02,394.01,2229,273.75,63.86,24.32,76,0.23,0
313.72,351.9,15.14,367.04,392.94,2231.1,272.41,63.55,23.25,56,3.03,0
311.12,353.67,15.06,368.73,392.33,2231.4,274.58,64.06,23.49,89,3.2,0
305.31,353.62,14.89,368.51,391.9,2231.7,274.75,64.1,23.75,10,2.5,0
312.9,351.45,14.77,366.22,391.51,2231.1,273.29,63.76,23.8,90,2.37,0
310.93,355.03,14.7,369.73,391.52,2226,303.43,70.28,24.14,80,2.8,0
310.92,365.31,14.71,380.02,392.97,2216.5,280.19,65.18,24.84,43,3.56,0
311.06,363.48,14.87,378.35,393.42,2226.4,289.69,67.32,24.45,56,2.12,0
313.18,354.61,15.13,369.74,393.46,2223.7,273.59,63.73,23.44,0,0.78,0
306.68,353.91,15.17,369.08,392.76,2229.8,271.35,63.29,23.34,67,2.5,0
302.98,355.14,15.11,370.25,392.35,2228.5,287.31,66.79,23.51,45,2.37,0
308.72,355.81,14.95,370.76,392.58,2224.1,273.32,63.66,23.8,27,1.3,0
307.9,352.27,14.91,367.18,391.72,2230,265.35,61.9,23.63,78,2.8,0
312.96,349.35,14.94,364.29,390.57,2231.4,266.84,62.25,23.39,35,0.45,0
309.87,351.8,14.78,366.58,389.82,2231.6,266.56,62.2,23.8,68,2.5,0
304.31,351.91,14.66,366.57,389.13,2231.6,268.61,62.67,24.01,39,2.37,0
315.43,349.94,14.55,364.49,388.74,2231.5,268.81,62.72,24.05,89,1.3,0
316.24,352.47,14.5,366.97,388.49,2231.7,269.6,62.91,24.3,78,2.8,0
313.12,353.22,14.5,367.72,388.34,2232.1,267.49,62.4,24.35,79,0.23,0
311.35,345.73,14.52,360.25,386.5,2236.9,214.77,50.43,23.82,56,3.03,0
311.36,303.45,14.41,317.86,380.36,2249.3,156.85,36.92,21.06,98,3.2,0
307.25,253.15,13.72,266.87,370.74,2244.3,117.94,27.55,18.46,76,2.5,0
306.27,236.07,11.96,248.03,363.05,2231.4,123.47,28.8,19.74,87,2.37,0
307.73,238.06,10.05,248.11,361.75,2232.4,147.72,34.48,23.7,76,1.3,0
276.15,246.29,9.06,255.35,361.13,2237.9,131.14,30.84,27.18,57,2.8,0
241.55,247.65,8.85,256.5,359.6,2244.6,172.66,40.27,27.98,85,3.56,0
225.81,255.68,8.73,264.41,359.69,2230,156.51,36.61,29.29,46,2.37,0
227.5,258.73,8.94,267.67,358.4,2238.4,162.78,38.04,28.95,89,1.3,0
237.16,255.51,9.23,264.74,357.46,2236.3,153.96,36.05,27.69,88,2.8,0
257.39,251.91,9.24,261.15,355.27,2241.7,142.98,33.53,27.27,87,0.23,0
263.33,249.03,9.12,258.15,353.56,2240.5,159.43,37.26,27.3,89,3.03,0
255.61,249.83,8.89,258.72,352.89,2236,147.75,34.6,28.11,76,3.2,0
249.35,249.96,8.91,258.87,351.95,2242.3,147.78,34.67,28.04,85,2.5,0
239.5,249.78,8.88,258.66,350.87,2240.8,162.32,37.94,28.13,56,2.37,0
246.02,251.14,8.81,259.95,350.93,2236,152.38,35.69,28.52,94,1.3,0
242.1,251.23,8.91,260.14,350.07,2239.6,160.88,37.6,28.18,35,2.8,0
241.32,252.36,8.96,261.32,349.38,2235.8,150.33,35.21,28.18,87,0.23,0
246.13,250.89,8.95,259.84,348.6,2239.5,159.75,37.33,28.02,24,3.03,0
243.86,249.82,8.94,258.76,347.9,2235.6,146.95,34.41,27.96,24,3.2,0
247.59,250.7,8.92,259.62,347.16,2239.9,162.04,37.87,28.12,32,2.5,0
242.35,253.75,8.87,262.62,347.09,2239.3,140.01,32.92,28.6,98,2.37,0
245.55,250.22,8.89,259.11,345.56,2250,153.03,35.95,28.13,23,1.3,0
241.36,252.49,8.82,261.31,345.67,2242.2,173.2,40.48,28.62,35,2.8,0
245.93,260.06,8.83,268.89,345.7,2236.4,159.53,37.37,29.44,64,3.56,0
238.89,257.72,9.12,266.84,345.05,2242.4,158.58,37.2,28.27,23,0.32,0
244.39,254.66,9.24,263.9,344.37,2243.3,157.43,36.93,27.55,21,0.78,0
255.73,255.35,9.18,264.53,343.96,2240.7,170.53,39.85,27.81,100,1.43,0
259.12,259.6,9.12,268.72,344.23,2236,157.27,36.83,28.46,43,2.56,0
245.35,258.77,9.21,267.98,343.26,2239.3,166.53,38.92,28.1,34,0.32,0
243.03,260.12,9.25,269.37,343.39,2236,160.69,37.64,28.12,45,1,0
251.35,261.18,9.28,270.46,342.95,2239.5,176.42,41.23,28.15,39,2.3,0
252.56,265.81,9.39,275.2,343,2233.3,177.42,41.41,28.31,32,0.57,0
250.45,269.33,9.51,278.84,342.83,2234.8,166.25,38.94,28.31,24,0.65,0
261.26,265.07,9.67,274.74,342.21,2239.3,179.86,42.03,27.4,87,0.78,0
266.84,267.55,9.72,277.27,342.25,2233,180.79,42.18,27.52,67,0.23,0
267.39,271.45,9.75,281.2,342.12,2231.8,180.7,42.16,27.83,34,3.03,0
265.82,275.21,9.86,285.07,342.3,2232.1,191.71,44.74,27.9,12,3.2,0
272.36,285.23,9.97,295.2,342.89,2232.4,203.85,47.58,28.61,19,2.5,0
274.95,297.87,10.17,308.04,343.76,2232.3,211.16,49.29,29.28,18,2.37,0
276.87,303.94,10.48,314.42,345.19,2232.5,222.8,52,28.99,67,1.3,0
293.52,309.09,10.82,319.91,346.84,2232.6,227.2,53.02,28.57,5,2.8,0
294.19,314.09,11.21,325.3,347.51,2234.7,207.87,48.68,28.01,10,0.23,0
298.25,306.28,11.56,317.84,347.37,2239.1,221.48,51.76,26.5,13,3.03,0
297.87,309.25,11.71,320.96,348.09,2232.9,226.46,52.84,26.4,17.5,3.2,0
296.7,315.28,11.72,327,349.1,2231.8,227.3,53.04,26.89,12.4,2.5,0
294.42,320.95,11.85,332.8,350.16,2232.2,234.06,54.61,27.09,123,2.37,0
300.8,321.97,11.99,333.96,350.91,2234.6,213.76,50.06,26.86,34,1.3,0
297.88,310.08,12.14,322.22,350.06,2238.9,225.14,52.62,25.55,15,2.8,0
299.83,318.1,12.16,330.26,351,2233.4,240.09,56.04,26.16,64,3.56,0
295.7,334.89,12.09,346.98,352.84,2235.4,232.94,54.55,27.69,98,0.32,0
295.52,325.42,12.28,337.7,352.85,2239.1,233.77,54.62,26.51,34,0.78,0
304.17,327.51,12.49,340,353.1,2233.1,241.93,56.46,26.22,28,1.43,0
296.42,338.28,12.51,350.79,353.96,2229.8,227.44,53.25,27.03,57,2.56,0
292.95,315.57,12.53,328.1,353.45,2168.1,344.88,74.78,25.19,63,0.32,0
302.53,266.5,12.46,278.96,350.61,1905.8,377.13,66.51,21.39,96,1,0
298.17,176.5,11.84,188.34,343.31,1599.6,51.77,8.49,14.91,17,2.3,0
293.98,133.87,9.88,143.75,337.05,1569.8,45.81,7.55,13.55,56,2.3,0
301.45,119.53,7.2,126.73,332.54,1575.3,43.99,7.26,16.6,27,2.3,0
258.27,113.21,5.4,118.61,329.14,1577.6,42.53,7.02,20.95,45,2.3,0
257.53,110.61,4.28,114.89,326.51,1584.2,39.83,6.58,25.86,67,2.5,0
276.68,114.11,3.66,117.77,324.53,1655.1,-58.5,0,31.21,24,2.37,0
234.47,147.57,3.43,151,328.11,1925.2,-100.18,0,42.99,57,1.3,0
210.06,212.12,4,216.12,333.77,2243.7,153.28,36.51,53.02,98,2.5,0
204.23,261.2,5.36,266.56,338.22,2277.7,217.03,51.6,48.73,99,2.5,0
288.04,306.53,6.99,313.52,342.18,2272.6,220.69,52.4,43.86,67,2.78,0
306.82,312.5,8.84,321.34,342.56,2269.6,213.42,50.62,35.37,26,2.37,0
249.23,307.02,10.19,317.21,341.89,2263.9,206.48,48.96,30.14,17.8,1.3,0
261.74,303.73,10.88,314.61,340.88,2204.3,342.6,76.12,27.9,17.3,2.8,0
279.74,282.47,11.17,293.64,339.87,1959.4,373.43,67.81,25.29,21.5,0.23,0
285.07,179.64,11.03,190.67,332.97,1635.3,63.33,10.47,16.28,24.2,3.03,0
280.4,130.49,9.37,139.86,326.65,1573.1,37.58,6.19,13.92,28.8,3.2,0
277.51,117.37,6.85,124.22,321.58,1575.1,39.15,6.46,17.13,17,2.5,0
246.24,112.02,5.07,117.09,318.56,1577.4,36.48,6.02,22.1,16,2.37,0
226.07,109.29,3.97,113.26,315.9,1579.9,35.46,5.86,27.56,78,2.8,0
252.09,107.77,3.31,111.08,313.5,1592.2,9.67,1.63,32.59,32,3.56,0
224.2,109.08,2.92,112,311.08,1621.1,40.8,6.91,37.31,15,2.12,0
202.07,108.32,2.75,111.07,308.85,1616.9,32.9,5.56,39.34,87,0.78,0
194.51,108.41,2.65,111.06,306.71,1616,33.62,5.68,40.96,35,2.5,0
191.17,108.26,2.57,110.83,304.63,1619.2,26.57,4.51,42.15,100,2.37,0
181.44,108.66,2.53,111.19,302.53,1628.5,31.06,5.29,42.94,100,1.3,0
180.07,113.47,2.52,115.99,300.71,1657.3,12.96,2.27,45,100,2.8,0
179.94,161.24,2.62,163.86,304.7,1828.5,-82.52,0,61.54,97,0.45,0
177.96,284.07,3.33,287.4,322.43,2181.9,189.06,44.59,85.29,66,2.5,0
176.68,304.74,5.51,310.25,330.03,2270.6,229.54,54.58,55.29,88,2.37,0
243.83,335.44,7.9,343.34,334.16,2273.3,259.59,61.66,42.47,23,1.3,0
319.48,353.56,9.65,363.21,338.41,2270.9,269.67,64,36.63,51,2.8,0
232.7,355.56,11.22,366.78,342.22,2269.4,272.48,64.64,31.7,78,0.23,0
257.72,357.85,12.44,370.29,345.28,2268.5,273.9,64.95,28.76,69,3.03,0
255.65,361.58,13.27,374.85,348.35,2264.4,294.46,69.6,27.26,23,3.2,0
255.06,389.36,13.82,403.18,354.7,2244.5,387.83,90.25,28.18,16,2.5,0
257.22,447.98,14.49,462.47,365.66,2192.9,419.88,94.62,30.92,68,2.37,0
260.16,415.87,15.88,431.75,371.15,2114,383.84,83.08,26.18,36,1.3,0
269.32,356.13,17.37,373.5,372.69,2032.3,328.76,68.5,20.5,55,2.8,0
304.39,301.42,17.53,318.95,370.93,1978.3,250.77,51.75,17.19,76,3.56,0
342.53,271.76,16.44,288.2,369.38,1970.6,236.15,48.55,16.53,34,2.37,0
362.98,249.98,14.76,264.74,367.47,1963.6,199.3,40.91,16.93,5,1.3,0
363.98,228.99,13.11,242.1,365.61,1965.7,168.93,34.84,17.47,10,2.8,0
307.42,212.31,11.57,223.88,363.66,1971.1,160.92,33.09,18.36,13,0.23,0
275.34,199.54,10.21,209.75,361.37,1964.8,138.04,28.35,19.54,17.5,3.03,0
239.55,191.76,9.08,200.84,358.98,1964.2,125.95,25.88,21.12,12.4,3.2,0
218.29,185.53,8.16,193.69,356.92,1965.1,119.32,24.52,22.73,123,2.5,0
206.69,179.4,7.46,186.86,354.76,1968,104.02,21.47,24.06,34,2.37,0
197.29,174.72,6.91,181.63,352.2,1973.4,104.54,21.52,25.28,15,1.3,0
198.31,171.1,6.48,177.58,349.78,1969.4,88.44,18.26,26.38,64,2.8,0
199.62,169.72,6.14,175.86,347.67,1973.6,99.71,20.53,27.66,98,0.23,0
197.52,167.87,5.84,173.71,346.06,1970.1,92.27,19.06,28.75,34,3.03,0
179.79,168.71,5.62,174.33,345,1976.9,100.53,20.8,30.02,28,3.2,0
164.55,168.82,5.53,174.35,343.97,1974.8,111.16,22.9,30.55,57,2.5,0
163.08,169.46,5.49,174.95,343.31,1967.2,109.09,22.43,30.88,63,2.37,0
170.55,170.25,5.49,175.74,342.78,1966,107.42,22.08,31,96,1.3,0
173.05,169.63,5.56,175.19,342.06,1966.2,105.07,21.6,30.5,17,2.8,0
179.9,169.02,5.63,174.65,341.28,1969.3,98.56,20.36,30.04,56,3.56,0
187.74,169.36,5.67,175.03,340.66,1977.2,105.85,21.9,29.89,27,0.32,0
189.66,169.76,5.68,175.44,340.18,1978.2,107.9,22.32,29.9,45,0.78,0
191.42,171.22,5.69,176.91,339.74,1978.1,106.3,21.99,30.09,67,1.43,0
189.9,171.76,5.72,177.48,339.25,1977.9,107.21,22.17,30,24,2.56,0
188.75,170.92,5.74,176.66,338.54,1978.1,104.63,21.64,29.75,57,0.32,0
185.51,171.32,5.74,177.06,338.07,1978.3,109.33,22.62,29.82,98,1,0
186.61,175.95,5.75,181.7,338.7,1978.4,122.22,25.29,30.61,99,2.3,0
187.99,180.52,5.83,186.35,339.73,1975,126.67,26.09,30.95,67,0.57,0
188.35,179.55,6.01,185.56,340.14,1967.2,120.58,24.79,29.86,26,0.65,0
187.29,178.33,6.14,184.47,340.35,1969,113.35,23.41,29.06,17.8,0.78,0
180.49,179.21,6.21,185.42,340.47,1974,123.87,25.51,28.88,17.3,2.5,0
184.4,175.87,6.24,182.11,339.81,1970.5,104.6,21.59,28.18,21.5,2.37,0
190.34,173.37,6.2,179.57,338.93,1983.5,94.59,19.74,27.95,24.2,1.3,0
188.21,175.3,6.11,181.41,337.94,2000.3,97.73,20.46,28.7,28.8,2.8,0
187.92,173.13,6,179.13,335.92,2001.6,83.6,17.49,28.86,17,0.23,0
188.81,165.53,5.81,171.34,332.79,2001,67.77,14.18,28.47,16,3.03,0
185.44,156.1,5.45,161.55,328.82,2000.9,56.45,11.81,28.65,78,3.2,0
165.02,149.99,4.97,154.96,324.52,2001.1,50.01,10.46,30.16,32,2.5,0
163.92,145.48,4.49,149.97,319.96,2001.4,44.11,9.23,32.41,15,2.37,0
171.12,142.65,4.08,146.73,315.66,2001.6,39.62,8.29,34.98,87,1.3,0
176.36,140.48,3.74,144.22,311.58,2001.8,37.6,7.87,37.54,35,2.8,0
179,140.06,3.48,143.54,307.63,2002,35.96,7.53,40.23,100,3.56,0
178.05,139.23,3.3,142.53,303.77,2000,34.84,7.29,42.25,100,2.37,0
177.07,137.73,3.16,140.89,300.31,1970.7,76.39,15.49,43.63,100,1.3,0
175.82,128.53,3.04,131.57,296.41,1832.8,186.52,32.69,42.32,97,2.8,0
174.09,113.46,2.79,116.25,291.7,1618.7,6.76,1.13,40.65,66,0.23,0
171.06,109.68,2.23,111.91,288.74,1619,32.49,5.49,49.18,88,3.03,0
167.38,129.36,2.08,131.44,289.47,1709.3,-31.09,0,62.13,23,3.2,0
154.6,199.12,2.66,201.78,302.18,1932.9,195.22,40.17,74.98,51,2.5,0
183.34,213.68,4.41,218.09,313.39,1974.4,184.68,38.2,48.44,78,2.37,0
207.38,213.81,6.33,220.14,319.17,1985.9,163.62,34.15,33.79,69,1.3,0
394.44,211.75,7.45,219.2,324.04,2000.4,154.64,32.36,28.44,23,2.8,0
256.53,201.47,7.91,209.38,324.51,2000.7,122.58,25.63,25.48,16,0.23,0
203.68,186.1,7.82,193.92,322.51,2000.1,89.78,18.77,23.81,68,3.03,0
197.25,172.93,7.28,180.21,319.5,2000.1,70,14.64,23.76,36,3.2,0
194.55,159.98,6.48,166.46,315.73,2000.3,57.01,11.93,24.7,55,2.5,0
190.63,151.79,5.6,157.39,311.73,2000.8,48.72,10.19,27.1,76,2.37,0
170.31,146.41,4.84,151.25,307.86,2001.3,43.24,9.05,30.27,34,1.3,0
165.66,143.74,4.26,148,303.99,2001.5,40.2,8.42,33.77,89,2.8,0
169.49,141.27,3.82,145.09,300.03,2001.8,37.89,7.93,36.94,54,3.56,0
169.63,139.74,3.52,143.26,296.54,2001.9,35.88,7.51,39.71,43,0.32,0
168.88,139.11,3.3,142.41,293.25,1995,35.6,7.45,42.11,45,0.78,0
166.27,135.1,3.14,138.24,289.21,1918.4,167.32,31.28,43.09,34,1.43,0
166.02,119.79,2.94,122.73,284.62,1700.8,68.44,11.66,40.76,87,2.56,0
165.19,110.35,2.47,112.82,280.84,1611.3,8.43,1.42,44.73,65,0.32,0
164.21,107.73,1.98,109.71,277.9,1613,16.34,2.76,54.41,35,1,0
145.73,107.18,1.91,109.09,275.28,1614.8,18,3.04,56.15,33,2.3,0
157.59,106.62,1.97,108.59,273.09,1612.2,25.48,4.28,54.08,31,0.57,0
167.67,106.42,2.03,108.45,271.04,1604.4,19.03,3.19,52.34,67,0.65,0
162.86,105.74,2.06,107.8,269.21,1603.6,20.06,3.36,51.31,45,0.78,0
159.47,105.59,2.08,107.67,267.47,1603.7,20.2,3.39,50.76,64,2.5,0
159.13,105.78,2.09,107.87,265.96,1604,20.48,3.44,50.51,35,2.37,0
159.15,105.72,2.1,107.82,264.5,1607.1,14.94,2.52,50.43,8,1.3,0
159.23,106.21,2.1,108.31,263.1,1615.1,21.16,3.58,50.6,7,2.8,0
157.65,106.92,2.12,109.04,261.73,1619.5,20.61,3.48,50.47,7,0.23,0
157.2,112.89,2.13,115.02,260.9,1662.3,-33.98,0,53.04,7,2.5,0
157.04,150.85,2.26,153.11,266.08,1816.1,36.79,7.42,66.81,132,2.37,0
154.22,193.99,3.07,197.06,279.14,1969.3,162.9,33.79,63.15,0,3.2,0
156.77,189.63,4.66,194.29,286.8,1981.9,145.55,30.13,40.7,56,2.5,0
247.49,189.97,5.87,195.84,292.91,1978.9,142.1,29.4,32.34,34,2.37,0
360.44,187.8,6.45,194.25,297.22,1974.9,135.54,27.9,29.11,12,3.2,0
193.53,184.27,6.68,190.95,300.29,1969.9,118.74,24.52,27.59,69,2.5,0
176.28,183.84,6.65,190.49,303.04,1977.1,124.88,25.83,27.62,61,2.37,0
176.82,183.99,6.57,190.56,305.78,1978.2,127.63,26.4,28,5,1.3,0
174.75,183.52,6.51,190.03,308.35,1977.9,123.91,25.62,28.2,10,2.8,0
172.39,180.5,6.47,186.97,309.38,1977.6,115.84,23.95,27.91,13,0.23,0
171.21,175.57,6.38,181.95,309.9,1977.3,104.11,21.52,27.54,17.5,2.5,0
168.91,170.78,6.19,176.97,309.18,1977.2,92.76,19.18,27.57,12.4,2.5,0
169.75,168.57,5.95,174.52,308.26,1977.4,89.93,18.6,28.34,123,2.37,0
176.72,165.13,5.68,170.81,307.37,1977.3,86.79,17.95,29.08,34,1.3,0
168.16,160.83,5.4,166.23,306.11,1974.3,88.63,18.24,29.76,15,2.8,0
150.18,158.58,5.15,163.73,304.97,1967,89.13,18.33,30.78,64,2.8,0
150.48,163.41,4.97,168.38,305.76,1970.1,103.34,21.35,32.88,98,2.12,0
148.59,168.23,4.98,173.21,306.84,1977.7,103.83,21.48,33.76,34,3.03,0
152.78,170.76,5.15,175.91,307.33,1978.3,102.14,21.13,33.13,28,3.2,0
156.98,169.84,5.32,175.16,307.45,1977.9,98.34,20.34,31.95,57,2.5,0
163.97,168.86,5.41,174.27,307.5,1978.7,100.4,20.76,31.19,63,2.37,0
168.73,168.75,5.43,174.18,307.74,1984,92.56,19.32,31.06,96,1.3,0
168.43,178.1,5.41,183.51,309.33,1991.8,148.85,30.79,32.9,17,2.8,0
160.58,211.84,5.51,217.35,314.87,1973.6,215.65,44.46,38.44,56,3.03,0
157.27,283.1,6.12,289.22,323.67,1981.5,264.98,55.39,46.24,27,3.2,0
164.08,348.72,7.68,356.4,333.92,2000.1,383.64,79.86,45.39,45,2.5,0
200.92,368.78,9.86,378.64,340.77,1989.2,328.52,68.58,37.41,67,2.5,0
325.08,347.51,12.22,359.73,343.33,1990.1,325.17,67.16,28.43,24,2.37,0
411.45,330.64,13.72,344.36,345.17,1971.7,311.13,64.23,24.1,57,1.3,0
445.53,321.25,14.17,335.42,346.81,1972.9,300.12,61.74,22.68,98,2.8,0
386.25,295.32,14.27,309.59,347.1,1967.7,236.52,48.75,20.7,99,2.8,0
392.7,262.33,13.93,276.26,345.5,1977.5,207.86,43.15,18.83,67,2.12,0
390.62,249.63,12.99,262.62,345.62,1991,208.13,43.47,19.21,26,3.03,0
352.24,241.62,11.95,253.57,345.31,1999.3,186.53,39.01,20.22,17.8,3.2,0
284.32,219.84,11.14,230.98,342.54,1999,137.07,28.64,19.74,17.3,2.5,0
252.14,195.69,10.15,205.84,337.42,1998.6,95.61,19.98,19.27,21.5,2.37,0
241.39,177.83,8.88,186.71,332.09,1999.3,76.23,15.94,20.02,24.2,1.3,0
228.44,164.06,7.54,171.6,326.97,2000,61.94,12.95,21.75,28.8,2.8,0
204.83,154.9,6.31,161.21,321.65,2000.5,51.68,10.81,24.54,17,0.23,0
186.05,147.34,5.31,152.65,316.61,2001.1,47.14,9.86,27.76,16,2.5,0
175.39,144.11,4.57,148.68,312.14,2001.5,42.98,9,31.51,78,2.37,0
176.6,141.92,4.05,145.97,307.57,2001.6,39.91,8.35,35.07,32,1.3,0
180.28,140.13,3.68,143.81,303.49,1998.5,37.81,7.91,38.04,15,2.8,0
181.15,137,3.41,140.41,299.09,1955.4,106.7,21.14,40.13,87,0.23,0
179.65,127,3.2,130.2,295.45,1799,171.3,29.75,39.64,35,3.03,0
178.4,129.39,2.96,132.35,293.46,1681.7,15.62,2.9,43.71,100,3.2,0
177.2,191.88,2.83,194.71,306.58,1861.5,163.34,33.29,67.9,100,2.5,0
170.33,258.39,4.39,262.78,318.16,1974.9,237.17,49.16,58.84,100,2.37,0
193.64,249.24,6.81,256.05,323.8,1981.3,221.19,45.78,36.6,97,2.8,0
414.98,240.29,8.58,248.87,327.72,1978.4,203.18,42.01,28,66,3.56,0
388.31,227.31,9.43,236.74,330.59,1976.6,176.44,36.46,24.11,88,2.12,0
266.43,213.12,9.56,222.68,331.45,1976.6,168.05,34.74,22.28,23,0.78,0
244.18,208.54,9.21,217.75,333.16,1977.2,163.96,33.9,22.65,51,2.5,0
232.55,204.6,8.77,213.37,334.33,1976.7,151.85,31.39,23.32,78,2.37,0
213.34,197.05,8.41,205.46,334.5,1974.1,149.72,30.81,23.43,69,1.3,0
199.42,192.58,8.03,200.61,334.84,1969.5,136,28.08,23.99,23,2.8,0
187.64,193.2,7.67,200.87,335.72,1977.3,151.7,31.39,25.18,16,0.45,0
189.97,200.83,7.45,208.28,338.21,1979.1,168.59,34.89,26.95,68,2.5,0
184.79,206.13,7.51,213.64,340.77,1979.1,170.81,35.35,27.46,36,2.37,0
177.82,209.52,7.79,217.31,342.45,1978.6,173.91,35.98,26.91,55,1.3,0
179.92,212.19,8.07,220.26,344.2,1978.5,176.85,36.58,26.28,76,2.8,0
181.86,211.63,8.3,219.93,344.97,1977.8,169.6,35.07,25.49,34,0.23,0
194.07,207.15,8.44,215.59,344.36,1977.2,158.69,32.81,24.53,5,3.03,0
198.2,200.92,8.39,209.31,343.18,1976.8,139.81,28.9,23.95,10,3.2,0
200.59,191.87,8.13,200,341.73,1976.8,130.64,27.01,23.6,13,2.5,0
198.53,189.05,7.71,196.76,340.7,1977.8,139.47,28.86,24.51,17.5,2.37,0
191.23,194.45,7.35,201.8,342.27,1979,158.12,32.72,26.47,12.4,1.3,0
188.84,201.72,7.26,208.98,343.84,1979,167.36,34.63,27.79,123,2.8,0
185.91,205,7.48,212.48,345.35,1978.5,162.38,33.58,27.41,34,3.56,0
183.59,202.28,7.76,210.04,345.47,1977.3,152.66,31.57,26.08,15,2.5,0
178.36,200.23,7.87,208.1,345.14,1974.8,159.37,32.8,25.44,64,2.37,0
177.38,197.62,7.81,205.43,344.83,1970.4,144.44,29.82,25.3,98,3.2,0
181.78,203.26,7.72,210.98,345.25,1984.1,159.18,33.26,26.32,34,2.5,0
188.58,235.48,7.72,243.2,348.22,1997.2,256.49,53.34,30.49,28,2.37,0
187.93,263.46,8.21,271.67,351.44,1982.1,237.77,49.21,32.1,57,1.3,0
186.99,258.78,9.27,268.05,352.94,1976,247.5,50.99,27.9,63,2.8,0
240.44,260.51,10.1,270.61,353.99,1970.9,234.08,48.35,25.8,96,0.23,0
318.85,259.59,10.62,270.21,354.19,1976.7,226.51,46.82,24.45,17,2.5,0
278.93,244.49,10.89,255.38,354.23,1976.5,200.06,41.35,22.46,56,2.5,0
278.54,231.09,10.77,241.86,353.94,1976.4,195.95,40.51,21.45,27,2.37,0
276.09,226.5,10.35,236.85,353.66,1974.3,201.49,41.48,21.88,45,1.3,0
255.5,223.63,9.97,233.6,354.11,1969.5,181.58,37.48,22.42,67,2.8,0
229.68,216.63,9.69,226.32,353.64,1975.4,161.2,33.31,22.37,24,2.8,0
224.86,201.01,9.35,210.36,350.86,1975.6,130.61,26.98,21.51,57,2.12,0
215.92,188.61,8.73,197.34,346.59,1976.1,116.94,24.17,21.61,98,3.03,0
205.92,181.39,7.93,189.32,344.05,1977.9,121.35,25.1,22.87,99,3.2,0
203.18,185.94,7.26,193.2,343.5,1984.9,130.2,27.2,25.63,67,2.5,0
201.41,219.28,6.93,226.21,347.79,1997.6,226.23,47.08,31.63,26,2.37,0
201.32,288.27,7.24,295.51,353.29,1986,318,66.03,39.79,17.8,1.3,0
191.17,352.68,8.56,361.24,359.07,1980.2,333.61,68.78,41.22,17.3,2.8,0
214.96,325.99,10.62,336.61,360.13,1971,287.17,59.26,30.71,21.5,3.03,0
340.01,292.32,12.3,304.62,359.32,1975,242.41,50.07,23.77,24.2,3.2,0
464.45,260.08,12.87,272.95,357.17,1974.4,204.67,42.27,20.21,28.8,2.5,0
393.8,232.08,12.43,244.51,354.64,1971.2,171.49,35.24,18.67,17,2.5,0
374.53,207.26,11.4,218.66,350.88,1966.5,126.5,26.08,18.18,16,2.37,0
299.63,190.3,10.06,200.36,347.48,1974.5,116.45,24.07,18.92,78,1.3,0
252.28,180.87,8.74,189.61,344.81,1976.8,118.6,24.52,20.7,32,2.8,0
222.12,179.9,7.7,187.6,343.93,1977.9,126.24,26.11,23.36,15,2.8,0
207.47,181.4,7.07,188.47,343.69,1978.1,126.51,26.17,25.67,87,2.12,0
205.5,181.98,6.79,188.77,343.22,1977.9,122.65,25.37,26.82,35,3.03,0
196.25,180.77,6.66,187.43,342.42,1977.7,119.95,24.81,27.14,100,3.2,0
186.42,180.8,6.57,187.37,341.5,1978,121.91,25.21,27.54,100,2.5,0
182.9,181.25,6.49,187.74,340.69,1978,118.96,24.6,27.93,100,2.37,0
189.04,179.54,6.45,185.99,339.69,1977.6,113.09,23.39,27.82,97,1.3,0
192.28,173.74,6.37,180.11,338.03,1977.5,101.28,20.94,27.27,66,2.8,0
190.68,171.09,6.23,177.32,336.25,1978.1,100.21,20.73,27.45,88,0.23,0
190.79,175.43,6.07,181.5,335.9,1985.1,112.8,23.57,28.9,23,2.5,0
190.81,204.31,5.99,210.3,339.21,1997.5,213.87,44.5,34.11,51,2.37,0
175.33,246.68,6.38,253.06,345.53,1984.2,226.85,46.98,38.66,78,1.3,0
170.83,248.89,7.59,256.48,349.48,1979.7,220.91,45.7,32.8,69,2.8,0
202.57,243.39,8.86,252.25,351.35,1977.9,206.45,42.68,27.47,23,0.23,0
284.45,232.86,9.61,242.47,351.56,1977.1,190.24,39.34,24.23,16,3.03,0
254.01,225.43,9.77,235.2,351.91,1977.1,182.27,37.68,23.06,68,3.2,0
236.81,213.59,9.59,223.18,351.33,1976.5,160.34,33.14,22.27,36,2.5,0
235.38,204.11,9.23,213.34,349.98,1976.5,145.75,30.13,22.11,55,2.37,0
216.9,194.8,8.69,203.49,347.79,1976.4,126.83,26.21,22.42,76,2.8,0
207.84,184.91,8.08,192.99,344.54,1975.9,106.61,22.03,22.88,34,3.56,0
204.79,175.02,7.43,182.45,340.92,1973.9,96.61,19.88,23.56,89,2.12,0
199.29,167.8,6.76,174.56,337.42,1976,74.37,15.49,24.81,54,0.78,0
195.97,168.73,6.17,174.9,335.57,1999.4,95.37,19.97,27.34,43,2.5,0
190.16,168.83,5.82,174.65,333.42,2002,85.85,17.97,29.03,45,2.37,0
172.32,166.36,5.56,171.92,330.79,2001.5,88.99,18.63,29.93,34,1.3,0
167.54,174.28,5.32,179.6,330.29,1997.2,142.79,29.68,32.79,87,2.8,0
154.61,213.1,5.36,218.46,335.31,1984.3,217.16,45.07,39.72,65,0.45,0
160.07,264.92,6.05,270.97,342.41,1982.6,243.83,50.5,43.75,35,2.5,0
167.23,259.4,7.6,267,345.91,1976.1,234.01,48.19,34.14,33,2.37,0
211.5,248.11,9.09,257.2,347.03,1966.4,208.69,42.87,27.28,31,1.3,0
320.28,233.63,9.82,243.45,347.3,1968.9,177.64,36.64,23.79,67,2.8,0
293.03,216.69,9.88,226.57,346.25,1990.2,112.4,23.74,21.94,45,0.23,0
254.86,204.74,9.41,214.15,342.98,2017.7,155.92,32.64,21.77,64,3.03,0
229.97,202.17,8.58,210.75,341.85,1985,180.89,37.17,23.56,35,3.2,0
210.16,221.77,7.96,229.73,344.03,1968.8,173.03,35.84,27.87,8,2.5,0
198.54,223.91,7.96,231.87,345.68,1990.8,162.75,34.02,28.12,7,2.37,0
203.37,215.68,8.34,224.02,345.21,2000.7,158.03,33.08,25.85,7,1.3,0
235.58,210.46,8.39,218.85,344.53,1999.7,155.26,32.51,25.08,7,2.8,0
241.86,208.77,8.23,217,344.28,1979.7,208.02,42.22,25.35,132,3.56,0
203.19,215.68,8.08,223.76,346.16,1937.3,197.05,40.12,26.68,0,2.37,0
207.87,250.47,8.15,258.62,349.95,1974.9,165.35,34.86,30.73,56,1.3,0
200.36,240.37,8.77,249.14,350.22,2018.8,197.02,41.25,27.39,34,2.8,0
205.65,221.22,9.27,230.49,347.85,2000,149.16,31.29,23.85,12,0.23,0
294.93,212.95,9.09,222.04,345.55,2017.1,126.55,26.87,23.42,69,3.03,0
235.45,204.66,8.65,213.31,342.94,2031.5,132.66,28.14,23.66,61,3.2,0
219.97,196.41,8.06,204.47,340.15,2019.7,135.45,28.44,24.37,58,2.5,0
209.46,189.72,7.51,197.23,338.24,2003.3,123.22,25.79,25.25,44,2.37,0
197.11,189.15,7.13,196.28,337.59,2002.3,130.26,27.28,26.54,21,1.3,0
196.2,193.5,6.89,200.39,338.05,2005.6,125.44,26.37,28.09,90,2.8,0
192.63,192.94,6.82,199.76,336.49,2007.4,123.69,25.93,28.28,99,0.23,0
185.82,196.43,6.78,203.21,336.36,1981.6,205.62,41.77,28.98,101,3.03,0
185.39,240.15,6.74,246.89,341.07,1934.3,248.08,50.39,35.63,122,3.2,0
188.13,326.63,7.37,334,349.61,1939.7,353.41,70.97,44.32,123,2.5,0
196.82,333.84,9.08,342.92,354.56,1947.3,245.2,51.39,36.76,165,2.37,0
261.9,317.67,11.13,328.8,355.16,2017.1,255.11,53.58,28.53,121,1.3,0
460.67,265.89,12.44,278.33,350.5,1994.8,211.37,43.8,21.37,100,2.8,0
447.83,241.69,12.65,254.34,348.72,1977,200.19,41.38,19.11,87,3.56,0
375.12,236.36,12.07,248.43,349.62,1970.5,215.69,44.21,19.59,90,0.32,0
304.96,231.76,11.76,243.52,351.42,1959.8,196.43,40.31,19.71,77,0.78,0
254.3,232.52,11.52,244.04,352.97,1976.2,164.96,34.49,20.19,109,1.43,0
228.78,222.98,11.02,234,351.45,1994,173.92,35.79,20.24,110,2.56,0
218.68,203.38,10.26,213.64,348.17,1982.2,91.21,19.3,19.82,34,0.32,0
210.69,208.4,9.16,217.56,347.14,2027.1,184.44,38.72,22.74,99,1,0
212.12,218.18,8.44,226.62,347.76,2002.2,161.3,33.87,25.86,12,2.3,0
208.32,218.55,8.22,226.77,347.52,2005.3,175.25,36.59,26.58,34,0.57,0
198.24,216.31,8.31,224.62,347.91,1990.1,191.71,39.73,26.02,53,0.65,0
208.43,219.58,8.35,227.93,348.22,1991.9,131.96,27.76,26.31,23,0.78,0
225.42,207.81,8.46,216.27,345.92,2022.1,114.7,24.38,24.55,76,3.03,0
208.87,195.03,8.18,203.21,341.5,2012.4,160.73,33.21,23.83,56,3.2,0
226.3,195.69,7.57,203.26,339.97,1956.8,173.77,35.39,25.85,89,2.5,0
202.54,234.5,7.19,241.69,345.31,1934.5,262.75,52.46,32.6,10,2.37,0
198.12,269.04,7.65,276.69,350.73,1914.6,246.08,49.75,35.15,90,1.3,0
210.43,334.03,8.88,342.91,356.64,1949.6,316.87,65.06,37.61,80,2.8,0
282.79,331.07,10.38,341.45,358.09,1966.2,286.41,58.82,31.9,43,3.03,0
302.68,280.6,11.92,292.52,356.16,1969.5,179.88,37.22,23.53,56,3.2,0
421.77,233.27,12.43,245.7,351.71,1985.8,158.64,33.13,18.77,0,2.5,0
446.43,220.59,11.54,232.13,350.48,1987.9,210.08,43.21,19.11,67,2.5,0
340.71,227.19,10.4,237.59,352.43,1972.2,179.46,37.35,21.85,45,2.37,0
250.2,240.35,9.81,250.16,354.59,2002.7,182.18,38.65,24.51,27,1.3,0
223.65,227.43,9.67,237.1,352.73,1947.7,242.37,46.53,23.51,78,2.8,0
221.34,166.71,9.33,176.04,342.89,1657,295.61,43.45,17.87,35,2.8,0
239.84,126.37,7.97,134.34,333.94,1408.2,-83.12,0,15.85,68,2.12,0
238.86,159.67,5.86,165.53,333.66,1670.4,-27.1,0,27.23,39,3.03,0
204.4,208.91,5.02,213.93,338.46,1998.9,29.05,6.59,41.61,89,3.2,0
200.62,242.96,6.07,249.03,340.43,2211.3,187.39,43.19,40,78,2.5,0
457.76,243.01,7.42,250.43,338.32,2201.6,149.27,34.52,32.73,79,2.37,0
526.28,249.36,8.12,257.48,337.12,2212.6,174.26,40.14,30.72,56,1.3,0
297.96,246.69,8.63,255.32,334.61,2210.8,122.81,28.63,28.59,98,2.8,0
227.79,236.76,8.77,245.53,329.78,2238,79.15,18.55,27.01,76,0.23,0
218.8,219.17,8.28,227.45,322.9,2241.8,70.49,16.52,26.46,87,2.5,0
229.4,209.2,7.38,216.58,316.82,2241.8,54.18,12.7,28.34,76,2.37,0
215.39,199.11,6.49,205.6,311.01,2242.3,53.05,12.44,30.68,57,1.3,0
179.24,196.7,5.68,202.38,306.32,2239.6,61.76,14.43,34.64,85,2.8,0
171.51,198.39,5.1,203.49,303.19,2230.1,81.43,18.94,38.87,46,0.23,0
171.37,205.83,4.88,210.71,303.29,2225.1,87.41,20.37,42.22,89,3.03,0
171.28,210.77,5.09,215.86,303.36,2229.4,83.76,19.54,41.42,88,3.2,0
172.75,210.48,5.47,215.95,303.13,2213.1,149.64,34.1,38.51,87,2.5,0
170.51,219.95,5.76,225.71,306.43,2177.3,145.87,33.37,38.18,89,2.37,0
171.51,241.9,6.4,248.3,312.68,2203.7,136.14,31.63,37.77,76,2.8,0
160.94,240.69,7.49,248.18,314.02,2222.2,151.03,34.96,32.12,85,3.56,0
193.49,236.57,7.86,244.43,314.9,2208.7,137.28,31.68,30.1,56,2.12,0
215.77,231.56,7.94,239.5,315.09,2200.7,122.58,28.02,29.15,94,0.78,0
203.76,213.96,7.9,221.86,311.2,2193.3,38.77,8.99,27.07,35,2.5,0
191.68,208.11,7.31,215.42,308.75,2206.7,158.55,36,28.46,87,2.37,0
184.33,220.05,6.65,226.7,311.7,2179.5,130.86,30.27,33.09,24,1.3,0
174.18,247.11,6.89,254,316.84,2225.4,145.13,33.86,35.87,24,2.8,0
169.57,239.61,7.77,247.38,316.44,2217.1,173.32,39.81,30.85,32,0.45,0
199.63,245.14,7.99,253.13,317.84,2173.8,212.88,47.64,30.68,98,2.5,0
225.16,278.56,8.41,286.97,324.07,2155.2,183.88,42.22,33.11,23,2.37,0
211.78,308.83,9.13,317.96,327.69,2195.2,241.52,54.71,33.83,35,1.3,0
211.27,292.74,10.16,302.9,328.57,2171.1,181.3,41.71,28.81,64,2.8,0
246.23,297.29,10.77,308.06,329.15,2191.3,248.17,55.99,27.62,23,0.23,0
275.12,287.36,11.11,298.47,329.45,2151.4,193.73,43.77,25.87,21,3.03,0
278.15,288.21,11.17,299.38,330.06,2166.8,206.43,46.87,25.81,100,3.2,0
283.79,300.27,11.16,311.43,332.12,2161.4,285.55,63.88,26.92,43,2.5,0
285.02,349.57,11.25,360.82,339.99,2149.1,302.8,68.74,31.07,34,2.37,0
285.88,387.01,12.05,399.06,346.75,2197.2,270.07,62.9,32.13,45,1.3,0
292.53,349.55,13.55,363.1,346.73,2236.6,208.14,48.74,25.79,39,2.8,0
312.16,288.14,14.34,302.48,340.26,2238.7,123.26,28.83,20.09,32,3.56,0
327.18,237.77,13.5,251.27,329.51,2237.5,66.69,15.61,17.61,24,2.37,0
288.74,212.7,11.2,223.9,321.43,2240.1,56.53,13.24,19,87,1.3,0
269.14,201.65,9.08,210.73,315.07,2241.7,49.43,11.59,22.2,67,2.8,0
224.46,198.32,7.51,205.83,309.27,2242.6,48.16,11.29,26.39,34,0.23,0
182.06,197.33,6.24,203.57,304.38,2243.2,46.19,10.83,31.62,12,3.03,0
179.1,195.63,5.36,200.99,300.07,2243.1,42.54,9.98,36.5,19,3.2,0
178.12,194.3,4.8,199.1,296.85,2240.5,58.71,13.72,40.49,18,2.5,0
178.27,198.04,4.49,202.53,294.34,2233.3,74.04,17.28,44.09,67,2.37,0
175.12,206.08,4.51,210.59,295.78,2230.1,110.3,25.65,45.73,35,1.3,0
172.04,211.51,4.9,216.41,297.71,2224.8,87.21,20.31,43.17,21,2.8,0
175.13,211.57,5.46,217.03,297.85,2233.2,64.12,15.01,38.72,53,0.23,0
168.17,205.88,5.74,211.62,295.48,2237.6,65.09,15.2,35.85,110,3.03,0
187.11,201.54,5.59,207.13,293.81,2222,106.53,24.57,36.03,120,3.2,0
176.3,210.52,5.38,215.9,298.15,2184.2,160.4,36.42,39.1,123,2.5,0
162.04,228.78,5.75,234.53,305.11,2089,331.55,68.1,39.78,121,2.37,0
170.42,217.33,6.82,224.15,309.96,1887.9,222.51,42.34,31.85,112,1.3,0
180.11,213.2,7.69,220.89,316.94,1826.4,164.45,32.12,27.72,123,2.8,0
207.07,266.38,8.05,274.43,323.52,1854.3,267.69,50.54,33.1,123,3.56,0
237.09,233.11,8.57,241.68,329.82,1801.4,216.19,41.11,27.21,143,0.32,0
230.98,278.63,8.95,287.58,335.49,1851.1,179.22,35.51,31.12,23,0.78,0
371.77,227.3,9.48,236.78,335.96,1894.4,163.56,32.12,23.99,17,1.43,0
300.5,190.89,9.6,200.49,334.16,1847,180.57,34.27,19.89,120,2.56,0
425.08,195.57,8.79,204.36,335.13,1766.9,285.34,50.51,22.25,107,0.32,0
365.59,233.85,8.17,242.02,342.8,1716,195.26,36.54,28.63,108,1,0
221.65,259.32,8.24,267.56,350.75,1823.1,269.94,51.79,31.46,46,2.3,0
250.29,247.73,9.54,257.27,354.03,1844.2,213.71,41.77,25.95,32,0.57,0
428.74,255.1,10.55,265.65,357.6,1845.3,331.88,62.3,24.17,49,0.65,0
497.61,293.15,10.82,303.97,362.25,1769.2,352.65,64.4,27.09,23,0.78,0
288.35,305.19,11.08,316.27,365.63,1778.2,246.2,47.23,27.55,45,2.5,0
255.58,288.58,11.89,300.47,365.71,1877.1,204.99,41.14,24.28,10,2.37,0
362.54,250.86,12.76,263.62,361.73,1923.1,156.17,31.33,19.65,69,1.3,0
650.08,206.14,12.41,218.55,355.56,1886.7,211.76,40.65,16.61,130,2.8,0
422.36,216.77,10.88,227.65,355.74,1822.4,210.26,40.46,19.92,127,0.23,0
293.46,285.5,9.63,295.13,360.94,1795,410.57,72.82,29.64,128,2.5,0
229,273.11,9.59,282.7,366.04,1717.5,197.86,37.48,28.47,67,2.37,0
244.21,334.08,10.11,344.19,370.6,1817.5,388.15,71.59,33.03,76,3.2,0
432.99,271.99,11.46,283.45,369.75,1780.5,180.08,34.77,23.73,35,2.5,0
400.47,251.1,12.14,263.24,368.26,1862.8,219.72,42.39,20.68,68,2.37,0
504.23,209.05,12.24,221.29,363.61,1856.1,104.7,20.7,17.08,39,3.2,0
452.72,184.06,11.2,195.26,357.61,1899,84.93,16.84,16.43,89,2.5,0
297.64,166.17,9.46,175.63,353.8,1884.3,128.27,25.18,17.56,78,2.37,0
238.47,194.05,7.72,201.77,351.65,1838,250.97,46.84,25.13,79,1.3,0
213.75,248.37,6.96,255.33,356.72,1740.9,340.24,59.9,35.7,56,2.8,0
195.19,298.69,7.34,306.03,363.27,1723.3,198.49,37.67,40.72,98,0.23,0
250.26,320.74,8.49,329.23,365.33,1852.2,259.53,50.71,37.79,76,2.5,0
407.98,255.06,10.52,265.58,364.95,1844.2,267.91,50.36,24.24,87,2.5,0
583.38,237.95,11.35,249.3,364.2,1813.2,185.12,36.02,20.96,76,2.37,0
496.12,275.87,10.99,286.86,363.68,1888.1,193.49,38.63,25.1,57,1.3,0
374.97,221.13,10.75,231.88,359.47,1888.8,181.65,35.19,20.58,85,2.8,0
255.17,197.56,10.13,207.69,354.9,1827.3,188.04,35.52,19.5,46,2.8,0
382.09,240.37,9.01,249.38,357.68,1791.5,277.25,51.72,26.69,89,2.12,0
301.62,312.08,8.62,320.7,363.39,1742.2,437.91,76.2,36.21,88,3.03,0
225.71,338.62,9.32,347.94,369.16,1695.8,262.05,48.99,36.32,87,3.2,0
332.67,358.15,10.83,368.98,373.47,1835.7,313.24,61,33.07,89,2.5,0
586.31,292.89,12.75,305.64,371.66,1861.9,241.61,46.91,22.97,76,2.37,0
691.64,252,13.61,265.61,369.32,1850.9,237.1,45.77,18.51,85,1.3,0
618.77,233.32,12.94,246.26,369.08,1835.5,229.88,43.65,18.04,56,2.8,0
372.28,210.36,11.95,222.31,368.25,1831.6,124.67,24.34,17.61,94,3.03,0
284.78,188.03,10.84,198.87,364.25,1885.4,78.5,15.58,17.35,35,3.2,0
243.07,164.91,9.39,174.3,358.12,1898.9,96.14,19.05,17.57,87,2.5,0
217.36,155.13,7.77,162.9,351.99,1896.3,74.04,14.72,19.96,24,2.5,0
198.63,148.86,6.52,155.38,347.11,1906.5,64.99,13,22.85,24,2.37,0
192.42,144.12,5.62,149.74,342.2,1912.6,71.49,14.27,25.65,32,1.3,0
192.33,140.9,4.96,145.86,337.21,1906,63.59,12.67,28.43,98,2.8,0
184.4,138.02,4.5,142.52,332.69,1904.9,53.78,10.71,30.66,23,2.8,0
180.98,135.41,4.17,139.58,328.14,1905.3,51.51,10.26,32.45,35,2.12,0
185.36,134.06,3.9,137.96,323.91,1908.8,47.05,9.42,34.41,64,3.03,0
183.23,134.76,3.71,138.47,319.82,1913.8,46.97,9.42,36.36,23,3.2,0
182.89,134.14,3.56,137.7,316.29,1890.1,112.36,21.6,37.65,21,2.5,0
189.69,143.78,3.46,147.24,315.03,1845.6,78.89,15.54,41.54,100,2.37,0
184.26,174.09,3.63,177.72,317.72,1899.2,92.4,18.41,47.92,43,1.3,0
181.29,154.94,4.34,159.28,315.97,1897.6,96.95,19.14,35.68,34,2.8,0
197.54,154.58,4.69,159.27,316.4,1869,146.98,28.26,32.93,45,0.23,0
304.52,176.53,4.82,181.35,320.49,1848.3,119.07,23.36,36.64,39,2.5,0
249.05,179.89,5.18,185.07,323.69,1895,101.5,20.26,34.76,32,2.37,0
183.65,164.66,5.82,170.48,322.26,1913.7,78.76,15.78,28.28,24,1.3,0
203.62,152.04,5.86,157.9,319.46,1910,86.12,17.1,25.93,87,2.8,0
250.89,143.71,5.42,149.13,316.58,1894,72.49,14.35,26.53,67,0.23,0
168.07,142.28,4.94,147.22,314.93,1890.3,89.47,17.64,28.83,34,3.03,0
172.62,143.99,4.63,148.62,314.5,1886,82.39,16.29,31.11,12,3.2,0
173.21,145.81,4.55,150.36,314.45,1891.6,87.56,17.34,32.07,19,2.5,0
176.05,147.1,4.59,151.69,314.2,1880.5,114.28,22.2,32.06,18,2.37,1
168.05,146.23,4.63,150.86,314.11,1852.7,88.97,17.25,31.61,67,2.8,0
157.8,148.22,4.65,152.87,314.81,1863.1,84.77,16.62,31.86,35,3.56,0
154.69,150.29,4.76,155.05,315.46,1879.5,93.1,18.32,31.57,21,2.12,0
160.07,150.22,4.87,155.09,315.5,1876,99.89,19.56,30.86,53,0.78,1
161.04,154.3,4.89,159.19,317.01,1845.9,164.12,30.89,31.53,110,2.5,0
151.08,181.49,4.93,186.42,321.91,1801.4,152.22,29.14,36.79,120,2.37,0
151.3,224.86,5.24,230.1,327.63,1830.3,230.61,43.73,42.91,123,1.3,0
155.34,233.11,6.32,239.43,335.13,1800,241.94,46.02,36.91,121,2.8,0
186.46,279.18,7.49,286.67,341.59,1706.4,530.34,82.18,37.27,112,0.45,1
313.41,226.14,8.67,234.81,346.21,1527.9,51.4,9.23,26.07,123,2.5,0
238.32,290.17,9.1,299.27,351.7,1798.3,274.02,51.88,31.88,123,2.37,0
408.25,240.74,10.21,250.95,350.46,1834,156.29,30.8,23.59,143,1.3,0
479.2,220.06,10.97,231.03,348.05,1897.7,151.01,29.93,20.07,23,2.8,0
708.04,186.35,10.56,196.91,344.21,1875.1,154.72,29.89,17.65,17,0.23,1
465.39,189.71,9.24,198.95,342.87,1834.6,183.69,35.1,20.53,120,3.03,0
229.96,246.42,8.1,254.52,347.24,1825.9,264.75,50.55,30.42,107,3.2,1
198.5,267.84,8.14,275.98,352.58,1824.9,280.67,53.52,32.91,108,2.5,0
230.52,263.14,9.13,272.27,357.66,1823.2,284.34,54.2,28.82,46,2.37,1
366.71,266.65,10.21,276.86,362,1822.3,287.21,54.74,26.11,32,1.3,1
430.88,272.02,11.03,283.05,365.54,1817.5,291.62,55.56,24.66,49,2.8,1
271.16,267.85,11.54,279.39,368.41,1770,373.19,66.14,23.21,23,3.56,0
273.42,229.75,11.68,241.43,368.31,1612.9,313.52,50.16,19.67,45,2.37,0
282.83,182.62,11.08,193.7,365.7,1447.8,256.58,36.55,16.48,10,1.3,0
286.19,140.22,9.87,150.09,360.93,1283.9,180.93,22.71,14.21,69,2.8,0
286.95,112.09,8.21,120.3,353.68,1147.6,50.45,5.77,13.65,130,0.23,0
289.06,112.95,6.28,119.23,342.74,1058.4,2.31,0.25,17.98,127,3.03,0
329.68,107.72,3.8,111.52,331.43,1006.1,1.24,0.13,28.33,0,3.2,1
343.61,104.68,2.13,106.81,321.47,988.2,0.35,0.04,49.23,56,2.5,0
193.62,104.13,1.42,105.55,313.73,988.1,2.53,0.26,73.37,34,2.37,0
39.94,105.05,1.18,106.23,306.71,995.1,0.41,0.04,88.86,12,1.3,0
75.36,106.52,1.14,107.66,301.05,1002.4,-0.23,0,93.41,69,2.8,0
95.42,107.15,1.15,108.3,295.38,1005.2,-0.66,0,92.92,61,0.23,0
117.24,106.5,1.17,107.67,289.77,1000.6,1.7,0.18,91.16,58,3.03,0
137.3,105.81,1.13,106.94,284.18,996.3,1.54,0.16,94.05,44,3.2,0
144.22,106.16,1.07,107.23,279.26,995.7,6.14,0.63,98.83,21,2.5,0
122.69,106.03,1.04,107.07,275.27,997.6,1.17,0.12,101.92,90,2.37,0
99.95,106.51,1.02,107.53,271.47,999.6,2.26,0.24,104.83,99,1.3,0
104.67,107.02,1,108.02,268.02,1001.3,0.97,0.1,106.54,101,2.8,0
117.03,107.11,1,108.11,264.37,1001.9,0.56,0.06,107.34,122,3.56,0
134.03,107.11,1,108.11,260.86,1002.7,0.07,0.01,107.64,123,0.32,0
131.66,107.23,0.98,108.21,257.65,1002.1,1.35,0.14,109.28,165,0.78,0
120.84,107.24,0.96,108.2,254.57,998.6,3.32,0.34,111.86,121,1.43,0
104.72,106.72,0.93,107.65,252.23,997.5,0.08,0.01,115.04,100,2.56,0
101.81,106.66,0.91,107.57,249.91,997.9,1.33,0.14,117.2,87,0.32,0
106.74,106.85,0.91,107.76,247.66,1000,-0.85,0,117.47,90,1,1
117.15,107.24,0.92,108.16,245.26,1003.4,1.26,0.13,116.42,77,2.3,1
126.99,107.55,0.93,108.48,242.88,1003.3,1.77,0.18,116.16,109,0.57,0
124.85,107.39,0.92,108.31,240.62,999,-0.39,0,116.49,110,0.65,0
112.13,107.05,0.89,107.94,238.83,991.1,1.82,0.19,119.69,34,0.78,1
,,,,,,,,,,,
,,,,,,,,,,,
,,,,,,,,,,,
,,,,,,,,,,,
,,,,,,,,,,,
,,,,,,,,,,,
,,,,,,,,,,,
,,,,,,,,,,,
,,,,,,,,,,,
,,,,,,,,,,,
,,,,,,,,,,,
,,,,,,,,,,,
,,,,,,,,,,,
,,,,,,,,,,,
,,,,,,,,,,,
,,,,,,,,,,,
,,,,,,,,,,,
,,,,,,,,,,,
,,,,,,,,,,,
,,,,,,,,,,,
,,,,,,,,,,,
,,,,,,,,,,,
,,,,,,,,,,,
,,,,,,,,,,,
,,,,,,,,,,,
,,,,,,,,,,,
,,,,,,,,,,,
,,,,,,,,,,,
,,,,,,,,,,,
,,,,,,,,,,,
,,,,,,,,,,,
,,,,,,,,,,,
,,,,,,,,,,,
,,,,,,,,,,,
,,,,,,,,,,,
,,,,,,,,,,,
,,,,,,,,,,,
,,,,,,,,,,,
,,,,,,,,,,,
,,,,,,,,,,,
,,,,,,,,,,,
,,,,,,,,,,,
,,,,,,,,,,,
,,,,,,,,,,,
,,,,,,,,,,,
,,,,,,,,,,,
,,,,,,,,,,,
,,,,,,,,,,,
,,,,,,,,,,,
,,,,,,,,,,,
,,,,,,,,,,,
,,,,,,,,,,,
,,,,,,,,,,,
,,,,,,,,,,,
,,,,,,,,,,,
,,,,,,,,,,,
,,,,,,,,,,,
,,,,,,,,,,,
,,,,,,,,,,,
,,,,,,,,,,,
,,,,,,,,,,,
,,,,,,,,,,,
,,,,,,,,,,,
,,,,,,,,,,,
,,,,,,,,,,,
,,,,,,,,,,,
,,,,,,,,,,,
,,,,,,,,,,,
,,,,,,,,,,,
,,,,,,,,,,,
,,,,,,,,,,,
